세부 페이지,RQ-ID,설계ID,기능이름,1Depth,2Depth,3Depth,기능설명,입력,예외처리
로그인/SSO 콜백,,FS-AUTH-LOGIN-01,그룹웨어/Keycloak 로그인 진입,공통,인증/SSO,로그인 버튼,"- 그룹웨어/포털에서 유저가 인증 토큰 없을시, SSO 로그인 엔드포인트로 리디렉션한다.
 - 이미 로그인이 되어 있으면 곧바로 콜백 URL로 이동한다.",- SSO 엔드포인트 URL,"- 세션이 만료된 경우 로그인 페이지로 이동시키고, 성공 후 원래 URL로 리다이렉트.
 - 잘못된 엔드포인트 접근 시, 404 에러 페이지로 이동"
,,FS-AUTH-LOGIN-02,SSO 콜백 처리 및 토큰 교환,,,콜백 처리,"- 콜백 URL에서 인증 코드를 수신하고, 토큰 엔드포인트로 액세스 토큰을 교환한다.","- 콜백 파라미터(authorization code, state 등)
 - 토큰 API 응답(JSON)","- 코드/토큰이 유효하지 않은 경우 로그인 재시도를 요청하는 안내 페이지 표시.
 - 토큰 파싱 오류 시 로그 기록 후 기본 오류 페이지 노출."
,,FS-AUTH-LOGIN-03,역할 매핑 및 초기 권한 세팅,,,역할 매핑,"- LDAP/그룹웨어의 조직/직책 정보를 기반으로 내부 역할(직원/관리자/영상제작자/검토자/신고담당자)을 매핑한다.
 - 매핑된 역할을 JWT/세션에 저장해 이후 화면 접근 제어에 사용한다.","- 외부 디렉터리/그룹웨어에서 내려주는 직급·부서·그룹 정보
 - 내부 역할 매핑 설정 테이블","- 역할을 전혀 찾지 못하면 최소 권한(일반 직원)으로 폴백하고 로그에 남긴다.
 - 권한 충돌 시 우선순위 규칙에 따라 하나만 선택."
,,FS-AUTH-LOGIN-04,로그아웃 및 세션 만료 처리,,,로그아웃,"- 상단 헤더의 로그아웃 메뉴에서 세션/토큰을 모두 삭제하고 로그인 페이지 또는 그룹웨어 메인으로 이동한다.
 - 세션 타임아웃 시 자동으로 재로그인 안내 배너를 표시한다.","- 로그아웃 버튼 클릭 이벤트
 - 현재 세션 토큰/리프레시 토큰","- 로그아웃 중 오류가 발생해도 토큰 삭제를 우선 수행하고, 실패 시 에러 로그만 남김
 - 타임아웃 발생 시, 로그인 페이지로 이동"
상단 헤더/레이아웃,,FS-LAYOUT-HEADER-01,상단 헤더 메뉴 및 라우팅,,레이아웃,헤더 메뉴,"- 상단 헤더에 “알림, 로그아웃, 로그인된 사용자 이름” 메뉴를 배치한다.
- 사이드바에 ""교육, 공지사항, 대시보드, 메신저, 조직도, 행사페이지, 마이페이지, 전자결제"" 메뉴를 배치한다.
 - 각 메뉴 클릭 시 해당 페이지로 라우팅되며, 현재 위치에 따라 활성 메뉴 스타일을 적용한다.","- 프론트 라우팅 설정(경로, 컴포넌트 매핑)
 - 사용자 역할에 따른 노출 가능한 메뉴 목록","- 권한이 없는 메뉴 접근 시 메인 페이지 또는 접근 불가 안내 화면으로 리다이렉트.
 - 알 수 없는 경로는 404 페이지 대신 메인으로 이동."
플로팅 아이콘,,FS-LAYOUT-FLOAT-01,챗봇 플로팅 아이콘 표시/숨김 조건,,,플로팅 아이콘,"- 모든 화면 우하단에 챗봇 플로팅 아이콘을 표시한다.
 - 이미 “새 채팅 화면”인 경우에는 중복을 피하기 위해 플로팅 아이콘을 숨긴다.","- 현재 라우트 정보(페이지 경로)
 - 뷰포트 크기(모바일/PC 구분용, 필요 시)",
,,FS-LAYOUT-FLOAT-02,플로팅 아이콘 클릭 시 새 채팅 화면 이동,,,새 채팅 진입,"- 플로팅 아이콘 클릭 시 항상 “새 채팅 화면”으로 라우팅한다.
 - 기존 세션과 상관 없이 새로운 대화 세션을 생성한다.","- 플로팅 아이콘 클릭 이벤트
 - 사용자 세션/역할 정보",- 인증이 만료된 상태에서 클릭 시 로그인 화면으로 이동
새 채팅 화면,,FS-CHAT-HOME-01,새 채팅 화면 진입(플로팅/메뉴 공통),챗봇,새 채팅 진입,진입 트리거,"- 상단 메뉴 “채팅” 또는 플로팅 아이콘 클릭 시 새 채팅 화면으로 이동한다.
 - 새 채팅 화면은 항상 빈 대화 + 카드 영역 상태로 초기화한다.","- 사용자 클릭 이벤트
 - 현재 사용자 ID/역할 정보","- 인증되지 않은 경우 로그인 페이지로 리다이렉트.
 - 초기화 중 오류 시 기존 세션을 그대로 보여주고 오류 로그 기록."
,,FS-CHAT-HOME-02,새 채팅 화면 레이아웃 구성,,새 채팅 UI,레이아웃,"- 상단은 카드형 진입 영역, 하단은 챗봇 대화 영역으로 2분할한다.","- 뷰포트 크기
 - 사용자 역할별 카드 메타데이터",
,,FS-CHAT-HOME-03,역할 기반 좌측 카드 노출 결정,,좌측 카드,역할별 카드 구성,"- 모든 사용자에게 FAQ/교육/퀴즈 카드를 공통으로 노출한다.
 - 신고/영상/관리자 카드 등은 역할(신고담당자, 영상제작자, 검토자, 관리자)에 따라 추가 노출한다.","- 사용자 역할 리스트(ROLE_USER, ROLE_ADMIN, ROLE_VIDEO_CREATOR 등)","- 역할 정보를 불러오지 못하면 일반 직원용 카드만 노출하고 로그로 남긴다.
 - 중복 역할은 중복 카드를 제거하여 한 번만 표시."
,,FS-CHAT-HOME-04,좌측 카드 공통 스타일/동작,,,카드 공통 스타일,"- 카드에 아이콘, 제목, 필요시 한 줄 설명을 포함한 통일된 디자인을 적용한다.
 - 카드 클릭 시 키보드 포커스/접근성(Enter, Space)도 지원한다.","- 프론트 카드 설정(아이콘, 라벨, 설명, 라우트)","- 잘못된 라우트로 연결된 카드 클릭 시 “준비 중인 기능입니다” 안내 토스트를 표시하고, 화면 전환은 하지 않는다."
,,FS-CHAT-HOME-05,FAQ 카드 4개 조회 및 렌더링,,,FAQ 카드 표시,"- 서버에서 “전사 공통 FAQ 상위 4개”를 조회하여 카드 형태로 표시한다.
 - 각 카드에 대표 질문과 도메인 배지를 함께 노출한다.","- FAQ 조회 API 응답: 질문ID, 질문 문장, 도메인, 순서","- FAQ 조회 실패 시 “FAQ 준비 중입니다. 직접 질문을 입력해 주세요.” 메시지 표시.
 - FAQ 데이터가 없으면 FAQ 영역은 유지하고 안내 문구만 노출."
,,FS-CHAT-HOME-06,FAQ 카드 클릭 시 질문 자동 전송,,,FAQ 클릭 동작,"- FAQ 카드 클릭 시 해당 질문을 우측 입력창에 채우고 바로 전송한다.
 - FAQ 질문도 일반 대화와 동일하게 세션/로그에 저장한다.","- FAQ 카드 클릭 이벤트(질문ID, 질문 텍스트)
 - 현재 세션ID(없으면 새로 생성)","- 응답 생성 실패 시 “FAQ 기반 답변을 생성하지 못했습니다.” 토스트와 재시도 버튼 제공.
 - 짧은 시간 내 반복 클릭 시 디바운스 처리."
,,FS-CHAT-HOME-07,교육/퀴즈/대시보드 카드 라우팅,,,기능 진입 라우팅,"- 교육 카드는 교육 대시보드(4대/직무 탭)로 이동한다.
 - 퀴즈 카드는 퀴즈 대시보드로 이동한다.
 - 신고/영상/관리자 카드는 각자 대시보드/관리 화면으로 이동한다.","- 카드 타입(교육/퀴즈/신고/영상/관리자)
 - 사용자 역할/부서","- 권한 없는 기능으로 이동 시 “접근 권한이 없습니다” 안내 후 새 채팅 화면 유지.
 - 화면 컴포넌트 로딩 실패 시 공통 에러 페이지로 이동."
,,FS-CHAT-HOME-09,채팅 입력창 및 전송 처리,,우측 대화영역,입력/전송,"- 하단 입력창과 전송 버튼을 제공하고 Enter/버튼으로 질문을 전송한다.
 - 공백/빈 문자열은 전송하지 않고 경고 메시지를 표시한다.","- 사용자가 입력한 질문 텍스트
 - 세션ID, 사용자ID","- 서버 오류/타임아웃 시 “답변 생성에 실패했습니다” 안내와 재시도 버튼 표시.
 - 동일 질문 반복 전송 시 서버 과부하를 막기 위한 최소 간격 제한 도입 가능."
,,FS-CHAT-HOME-10,새 채팅 시작(세션 초기화),,우측 대화영역,세션 관리,"- “새 채팅” 버튼 클릭 시 새로운 세션ID를 발급하고 기존 대화 메시지를 화면에서 숨긴다.
 - 좌측 카드 구성은 유지한다.","- 새 채팅 버튼 클릭 이벤트
 - 현재 세션ID","- 세션 생성 실패 시 기존 세션을 유지하면서 오류 메시지 표시.
 - 연속 클릭 방지를 위해 버튼 디스에이블 처리."
,,FS-CHAT-HOME-11,응답 로딩 상태/오류 메시지 표시,,우측 대화영역,로딩/오류 표시,"- 질문 전송 후 응답 도착 전까지 로딩 인디케이터(예: 점 3개 애니메이션)를 표시한다.
 - 오류 발생 시 말풍선 형태의 에러 메시지와 재시도 링크를 제공한다.","- 응답 상태(대기/성공/실패) 플래그
 - 서버 응답 코드","- 4xx/5xx 오류 시 상세 사유는 로그에만 남기고, 화면에는 일반화된 메시지만 노출.
 - 일정 시간 이상 응답이 없으면 타임아웃 처리."
,,FS-CHAT-HOME-12,세션/메시지 로그 및 피드백 수집 트리거,,로그/피드백,데이터 수집,"- 각 질문/응답 쌍에 대해 세션ID, 도메인, 응답시간, 사용 문서ID 등을 로그로 전송한다.
 - N번째 메시지 또는 세션 종료 시점에 피드백(👍/👎)을 요청하는 트리거를 발생시킨다.","- 질문/응답 메타데이터
 - 피드백 값(있을 경우)","- 로그 전송 실패 시 일정 횟수 재시도 후 포기하고 로그만 남김.
 - 피드백 저장 실패는 사용자에게 재요청하지 않고 조용히 실패 로그만 기록."
,,FS-CHAT-TITLE-01,AI 기반 채팅방 제목 자동 생성,세션 관리,세션 제목,LLM 자동 생성,"새 세션 생성 후 첫 번째 사용자 질문과 첫 번째 AI 응답이 완료되면, 해당 내용을 입력으로 LLM을 호출하여 세션 제목을 자동 생성한다. 제목은 한국어 1줄, 최대 20자 이내로 제한하며, 사람 이름·전화번호·이메일·주민번호·계좌번호 등 PII 패턴이 포함되지 않도록 필터링한다. 생성된 제목은 세션 테이블의 title 컬럼에 저장되고, 새 채팅 화면 좌측 목록과 채팅방 상단 헤더에 표시된다. 초기에는 “새 채팅 yyyy-MM-dd HH:mm” 형태의 기본 제목을 사용하고, AI 제목 생성이 성공하면 이를 덮어쓴다.","세션ID, 첫 질문 텍스트, 첫 AI 응답 텍스트(앞부분 일부), LLM 제목 생성 결과","LLM 호출 실패 또는 결과가 빈 문자열/긴 문자열/PII 포함일 경우 기본 제목(“새 채팅 + 타임스탬프”)을 유지하며, 실패 로그를 남긴다. 제목 저장 실패 시에도 세션 자체는 정상 동작하고, 목록에는 기본 제목만 표시된다."
,,FS-CHAT-RETRY-ERR-01,LLM 응답 실패 시 다시 시도 버튼,대화 영역,에러 처리,재시도,"LLM 호출이 타임아웃 또는 5xx 오류 등으로 실패한 경우, 해당 위치에 “응답을 불러오지 못했습니다.”라는 오류 메시지 말풍선을 표시하고, 말풍선 내에 다시 시도 버튼을 제공한다. 사용자가 다시 시도를 클릭하면 동일한 사용자 질문과 세션 컨텍스트(직전 메시지 히스토리)를 사용해 LLM을 재호출한다. 성공 시 오류 말풍선을 정상 응답 말풍선으로 교체하고, 실패 시 재시도 횟수를 증가시키며 오류 로그에 기록한다.","세션ID, 메시지ID, 사용자 질문 텍스트, 직전 히스토리(컨텍스트), LLM 오류 코드","재시도 호출도 연속 실패 시, 최대 N회(예: 3회)까지만 재시도를 허용하고 이후에는 “지속적으로 응답에 실패했습니다. 잠시 후 다시 시도해 주세요.” 안내를 출력한다. 재시도 중 네트워크 오류 발생 시, 동일한 화면에 토스트 메시지로 알리고 기존 오류 말풍선은 유지한다."
,,FS-CHAT-RETRY-ALT-01,정상 응답 재생성(다시 답변 받기),,응답 액션,재생성,"LLM 응답이 정상적으로 도착한 경우에도, 각 AI 응답 말풍선 우측 하단에 다시 답변 받기 아이콘을 제공하여 동일 질문에 대해 다른 답변을 재생성할 수 있도록 한다. 재생성 시 동일 질문 텍스트와 세션 컨텍스트를 기반으로 LLM을 다시 호출하며, 백엔드는 재생성 요청인지 표시하기 위해 retry 플래그와 retryCount를 저장한다. 새로 생성된 응답은 기존 응답 아래에 새로운 말풍선으로 추가하고, 두 응답 모두 히스토리에 남긴다.","세션ID, 메시지ID, 사용자 질문 텍스트, 컨텍스트, 재생성 요청 플래그","재생성 호출 실패 시 기존 응답은 그대로 유지하고, 해당 말풍선 하단에 “새 응답 생성에 실패했습니다.” 안내와 함께 재시도 버튼을 추가로 표시한다. 재생성 요청이 과도하게 반복되는 경우(예: 동일 메시지에 대해 5회 이상) 서버에서 제한하고 “더 이상 재생성을 지원하지 않습니다.” 안내를 보여준다."
,,FS-CHAT-FEEDBACK-01,응답 복사 및 좋아요/별로예요 평가,,,복사·평가,"각 AI 응답 말풍선 우측 하단에 마우스 오버 시 복사, 좋아요, 별로예요 아이콘 버튼을 표시한다. 복사 클릭 시 해당 응답 전체 텍스트를 클립보드에 복사하고, 좋아요/별로예요 클릭 시 해당 응답에 대한 품질 평가를 피드백 로그 테이블에 저장한다. 피드백 로그에는 세션ID, 메시지ID, 사용자ID, 도메인(교육/보안/사규/직무/일반), 타임스탬프를 함께 기록한다. 평가 상태는 동일 말풍선 아이콘 색상 또는 상태 값으로 표시한다.","세션ID, 메시지ID, 사용자ID, 응답 텍스트, 도메인, 평가 값(좋아요/별로)","브라우저 환경에서 클립보드 접근이 차단된 경우 복사 실패 토스트를 띄우고, 기능 사용 불가를 안내한다. 피드백 저장 실패 시 사용자에게 추가 입력을 요구하지 않고 조용히 실패 로그만 남기며, UI에는 평가 상태를 반영하지 않는다."
,,FS-CHAT-FAQ-01,FAQ 카드 영역 표시(4개),상단 카드,FAQ,질문 카드,"새 채팅 화면 상단에 전 직원 공통 FAQ 카드 4개를 표시한다. 각 카드는 자주 묻는 질문 텍스트(Q)와 간단한 설명(선택)을 포함하며, 최근 로그 기반으로 자동 선정된 질문들이다. 초기 로딩 시 FAQ API를 통해 현재 유효한 FAQ 리스트를 조회하고, 최대 4개의 카드만 노출한다. 카드에는 질문 카테고리(교육/사규/업무 등)를 태그 형태로 함께 표시할 수 있다.","FAQ 목록 API 응답(FAQID, 질문 텍스트, 카테고리, 우선순위, 유효 기간 등)","FAQ 데이터 조회 실패 시 FAQ 영역을 숨기고, 새 채팅 화면 본문만 표시한다. FAQ 개수가 4개 미만일 경우 존재하는 개수만큼만 표시하고 나머지 카드는 렌더링하지 않는다."
,,FS-CHAT-FAQ-02,FAQ 카드 클릭 시 질문 자동 입력,,,클릭 동작,"사용자가 FAQ 카드를 클릭하면, 해당 카드의 질문 텍스트를 채팅 입력창에 자동으로 채워 넣고 즉시 전송한다. 이때 챗봇은 FAQ에 대한 대답을 실시간으로 새로 생성하며, 기존에 저장된 고정 텍스트 답변을 그대로 보여주지 않는다. 사용자가 FAQ 카드를 눌러도 과거 대화와는 별도 세션이 아닌, 현재 열린 세션 내에서 질문·답변이 이어지도록 처리한다.","FAQID, FAQ 질문 텍스트, 현재 세션ID","입력창에 텍스트를 채우는 중 오류가 발생하면 클릭 이벤트를 무시하고, “FAQ 질문을 불러오지 못했습니다. 직접 입력해 주세요.” 토스트를 띄운다. LLM 응답 실패 시 기존 에러 처리/재시도 로직(FS-CHAT-RETRY-ERR-01)을 그대로 적용한다."
,,FS-CHAT-FEEDBACK-SESSION-01,세션 단위 만족도 설문 팝업,세션 종료,만족도 평가,팝업,"한 세션에서 일정 횟수 이상의 대화가 오간 후(예: 사용자 발화 20회 이상) 또는 세션 종료 버튼 클릭 시, 세션 전체에 대한 만족도 설문 팝업을 띄운다. 설문은 5점 척도(별점)와 간단한 자유 의견을 입력할 수 있는 형태로 구성한다. 사용자가 평가를 완료하면 세션ID, 점수, 의견을 세션 피드백 테이블에 저장한다. 평가를 건너뛰는 버튼(“나중에 하기”)도 제공하되, 초기 버전에서는 강제는 하지 않고 자연스럽게 수집하는 형태로 구성한다.","세션ID, 사용자ID, 발화 횟수, 평가 점수, 의견 텍스트","피드백 저장 실패 시 세션 동작에는 영향을 주지 않고, 팝업 닫기만 허용한다. 팝업 노출이 과도하게 반복되지 않도록 일정 기간(예: 하루 1회) 이상 세션 평가를 요청하지 않도록 클라이언트/서버에서 제한한다."
교육 메인,,FS-EDU-MAIN-01,교육 메인 탭 구조 표시,교육,교육 메인,탭 구조,"- 직장 내 괴롭힘, 성희롱, 장애 인식 개선, 보안, 직무 교육 별로 영상을 제공한다.","- 사용자 부서/역할 정보
 - 탭 선택 상태
- 사용자에게 4대교육은 올해 영상만 보여지며 직무교육은 3년전 영상까지 보여진다.","- 탭 데이터 로딩 실패 시 해당 탭 영역에만 오류 메시지 표시하고, 다른 탭은 정상 사용 가능하도록 분리."
,,FS-EDU-MAIN-02,마지막 사용 탭 기억/기본값 설정,,,탭 상태 저장,"- 사용자가 마지막으로 열었던 탭 정보를 로컬 스토리지 또는 서버에 저장한다.
 - 다음 진입 시 해당 탭을 기본으로 선택한다.",- 저장된 마지막 탭 정보(없으면 기본값: 4대 교육),"- 저장된 값이 유효하지 않으면 기본 탭(4대 교육)으로 폴백.
 - 저장 오류는 기능에 영향 없으므로 로그만 남김."
4대 필수 교육 목록,,FS-EDU4-LIST-01,4대 교육 카드 목록 표시,,4대 교육,카드 목록,"- 성희롱, 직장 내 괴롭힘, 정보보안/개인정보, 장애 인식 개선 총 4개 과목을 카드로 고정 표시한다.
 - 각 카드에 과목명, 예상 시청 시간, 이수 상태(미이수/진행중/완료)를 노출한다.","- 사용자별 이수현황 API 응답(과목별 이수율, 날짜 등)","- 이수현황 조회 실패 시 카드 자체는 표시하되 상태를 “알 수 없음”으로 표시하고, 상세 페이지에서 다시 조회."
,,FS-EDU4-LIST-02,4대 교육 카드 클릭 시 상세 화면 이동,,,카드 클릭 동작,"- 카드 클릭 시 해당 과목의 영상 재생 화면으로 이동한다.
 - 이동 시 과목코드/사용자ID를 함께 전달하여 이수 로직에서 사용한다.","- 카드 클릭 이벤트(과목코드)
 - 사용자ID",- 잘못된 과목코드로 접근 시 메인 교육 페이지로 리다이렉트하고 에러 메세지 표시.
4대 교육 상세/재생,,FS-EDU4-DETAIL-01,4대 교육 영상 재생 화면 구성,,,영상 플레이어,"- 제목, 설명, 영상 플레이어, 이수 상태 표시, 퀴즈 진입 버튼 영역으로 구성한다.
 - 영상 이수 전에는 재생/일시정지는 가능하지만 시크바 이동은 불가능하다. 
 - 영상 이수 후에는 시크바 이동 가능하다.","- 영상 메타데이터(파일 경로/URL, 길이)
 - 현재 이수 상태","- 영상 로딩 실패 시 “영상 재생에 실패했습니다” 안내 및 새로고침/문의 안내 제공.
 - 플레이어 오류는 로그로 기록."
,,FS-EDU4-DETAIL-02,시청 이벤트 기반 이수 상태 갱신,,,이수 처리,"- 시청율이 기준 이상(예: 90%)에 도달하면 이수 완료로 처리한다.
 - 완료 시 이수일자와 사용자ID를 이수 테이블에 기록한다.","- 플레이어 시청 이벤트(시청 위치, 전체 길이)
 - 기준 시청율 설정 값","- 이수 API 실패 시 화면에 “이수 처리에 실패했습니다. 다시 시도해 주세요.” 토스트 표시.
 - 중복 이수 요청은 무시하되 로그만 남김."
,,FS-EDU4-DETAIL-03,이수 완료 후 퀴즈 진입 버튼 활성화,,,퀴즈 진입,"- 이수 상태가 완료인 경우에만 “퀴즈 풀기” 버튼을 활성화한다.
 - 버튼 클릭 시 해당 과목에 대한 퀴즈 시작 화면으로 이동한다.","- 이수 상태(미이수/완료)
 - 과목코드",- 이수 상태를 가져오지 못하면 버튼을 비활성화하고 안내 툴팁(“이수 후 퀴즈 응시 가능”)을 표시.
내 부서 직무교육 목록,,FS-EDUD-LIST-01,내 부서 직무교육 목록 조회,,직무교육,목록 조회,"- 로그인한 사용자의 부서ID 기준으로 해당 부서 직무교육 목록을 조회한다.
 - 제목, 카테고리, 필수/선택 여부, 이수 상태를 리스트/카드로 보여준다.","- 사용자 부서ID
 - 직무교육 목록 API 응답","- 목록이 비어 있으면 “등록된 직무교육이 없습니다” 안내 표시.
 - API 오류 시 재시도 버튼 제공."
,,FS-EDUD-LIST-02,직무교육 목록 필터/검색/정렬,,,필터/검색,"- 카테고리/필수 여부/이수 상태 기준으로 필터링할 수 있다.
 - 최신 업데이트순/제목순 정렬 기능을 제공한다.","- 사용자가 선택한 필터 값(카테고리, 필수/선택, 이수 상태)
 - 정렬 옵션","- 조건에 맞는 데이터가 없으면 “해당 조건에 맞는 교육이 없습니다” 안내.
 - 필터 값이 잘못된 경우 기본값으로 되돌림."
,,FS-EDUD-LIST-03,직무교육 목록에서 상세 화면 이동,,,항목 클릭,"- 목록/카드 클릭 시 해당 직무교육의 상세/영상 재생 화면으로 이동한다.
 - 이동 시 training_id를 전달한다.","- 리스트 항목 클릭 이벤트
 - training_id","- 존재하지 않는 training_id 접근 시 목록 페이지로 리다이렉트.
 - 오류 내용을 로그로 기록."
직무교육 상세/재생,,FS-EDUD-DETAIL-01,직무교육 영상 상세/재생 화면 구성,,,상세/재생,"- 제목, 설명, 대상 부서, 필수/선택 여부, 영상 플레이어를 표시한다.
 - 이수 상태/이력도 함께 보여준다.","- 직무교육 메타데이터(제목, 설명, 부서, 필수 여부, 영상 URL)
 - 사용자 이수 이력","- 영상이 없는 경우 “영상이 등록되지 않았습니다” 안내.
 - 메타데이터 로딩 실패 시 상위 목록으로 되돌리기."
,,FS-EDUD-DETAIL-02,필수 직무교육 이수 처리,,,필수 이수 처리,"- 필수로 지정된 교육은 시청율 기준을 만족해야 이수 완료로 처리한다.
 - 완료된 경우 해당 필수 교육 이수 여부를 테이블에 기록한다.","- 플레이어 시청 이벤트
 - 필수 여부 플래그","- 이수 저장 실패 시 재시도/문의 안내 제공.
 - 중복 이수 요청은 무시."
,,FS-EDUD-DETAIL-03,선택 직무교육 시청 로그,,,선택 시청 로그,"- 선택 교육의 경우 이수 여부 대신 시청 시작/종료 시간을 로그로 남긴다.
 - 추후 교육 기획 시 인기/이용 빈도 분석에 활용한다.","- 플레이어 시청 이벤트
 - 교육 유형(선택)",- 로그 저장 실패는 사용자에게 알리지 않고 서버 로그에만 기록.
퀴즈 시작/선택,,FS-QUIZ-START-01,퀴즈 대상 교육 선택 화면,퀴즈,퀴즈 시작,교육 선택,"- 사용자가 어떤 교육(4대/직무) 퀴즈를 풀지 선택하는 리스트를 보여준다.
 - 이수 완료한 교육만 리스트에 노출하거나 표시를 구분한다.","- 사용자의 교육 이수 이력
 - 교육 목록(4대/직무)",- 이수 이력이 없는 교육 선택 시 퀴즈 진입을 막고 “해당 교육 이수 후 응시 가능” 안내.
,,FS-QUIZ-START-02,퀴즈 규칙/횟수 안내,,,규칙 안내,"- 최대 응시 횟수, 통과 기준 점수, 시간 제한(있을 경우)을 안내한다.
 - “시작하기” 버튼 클릭 시 실제 퀴즈 풀이 화면으로 이동한다.","- 사용자의 기존 응시 횟수
 - 퀴즈 설정(문항 수, 시간, 통과 기준)",- 이미 최대 응시 횟수를 초과한 경우 시작 버튼 비활성화 및 안내 문구 표시.
퀴즈 풀이,,FS-QUIZ-PLAY-01,문항 렌더링 및 페이지 이동,,퀴즈 풀이,문항 표시,- 한 화면에 1문항 또는 N문항씩 5지선다 형태로 표시한다.                                                                                                                                                                                                                                                ,"- 퀴즈 문항 데이터(문항ID, 질문, 보기 리스트)
 - 현재 문항 인덱스","- 문항 데이터 로딩 실패 시 재시도 버튼을 표시하고, 반복 실패 시 공통 오류 메시지와 함께 관리자 문의 안내를 띄운다.
- 잘못된 문항 인덱스 접근(범위 밖 인덱스 등) 시 가장 가까운 유효 인덱스로 보정하거나 첫 문항으로 이동하고, 비정상 접근 로그를 남긴다."
,,FS-QUIZ-PLAY-02,타이머 표시/시간 제한(선택 기능),,,타이머,"- 15분의 시간 제한이 설정되며 남은 시간을 화면에 표시한다.
- 시간이 만료되면 자동으로 제출 처리하거나 응시 종료 안내를 한다.","- 퀴즈 설정의 시간 제한 값
 - 타이머 상태","- 타이머 동기화 오류 시 약간의 오차는 허용하고 서버 기준 시간을 우선시한다.
- 시간 만료 시 추가 응답은 받지 않도록 차단."
,,FS-QUIZ-PLAY-03,응답 임시 저장,,,페이지 이동 금지,- 사용자의 페이지 이동을 금지한다.,,
,,FS-QUIZ-PLAY-04,퀴즈 풀이 중 페이지 이동 제어,,,페이지 이동 제어,"- 퀴즈 풀이 화면이 활성화된 동안에는 상단 메뉴, 좌측 메뉴, 새 채팅 카드 등 다른 화면으로 이동하는 내비게이션을 비활성화한다.
- 사용자가 브라우저 뒤로가기, 앱 내 라우트 변경 등으로 페이지를 벗어나려고 할 때 “퀴즈 풀이 중입니다. 페이지를 나가면 풀이가 종료되거나 제출됩니다. 계속하시겠습니까?” 확인 팝업을 띄운다.
- 사용자가 “계속 풀기”를 선택하면 현재 퀴즈 화면을 그대로 유지하고, “나가기”를 선택하면 설정된 정책에 따라 퀴즈를 자동 제출하거나 중단 처리한 뒤 원래 이동하려던 화면으로 이동한다.","- 현재 퀴즈 세션 상태(진행 중/제출 완료)
- 브라우저/앱 내비게이션 이벤트(라우트 변경, 뒤로가기 등)
- 퀴즈 설정의 이탈 처리 정책(자동 제출/단순 종료)","- 퀴즈 세션 상태를 확인할 수 없는 경우(네트워크 오류 등)에는 보수적으로 페이지 이동을 우선 차단하고 “지금 화면을 벗어나면 응시 내용이 저장되지 않을 수 있습니다.” 안내 후 사용자가 명시적으로 확인했을 때만 이동을 허용한다.
-  확인 팝업 렌더링 실패 또는 잘못된 상태 값이 들어온 경우, 페이지 이동을 차단하고 공통 오류 토스트를 띄운 뒤 로그로 남긴다."
,,FS-QUIZ-PLAY-05,퀴즈 응시 중 탭/창 이탈 감지 및 경고,,,이탈 감지/경고,"- 퀴즈 풀이 화면이 활성화된 동안 브라우저 탭/창이 비활성화되거나 다른 페이지로 전환되는 이벤트(visibilitychange, blur/focus 등)를 감지하여 '이탈'로 카운트한다.
- 사용자가 퀴즈 풀이 중 다른 탭/창으로 이동했다가 다시 돌아오면, 화면 상단 또는 모달로 “퀴즈 응시 중 다른 화면으로 이동한 기록이 있습니다. 집중해서 응시해 주세요.”와 같은 경고 메시지를 1회 이상 노출한다.
- 이탈 횟수가 설정된 기준(예: 3회)을 초과하면, 추가 경고 메시지(“이탈이 여러 번 감지되었습니다. 반복 시 응시 결과가 무효 처리될 수 있습니다.” 등)를 띄우고, 해당 정보를 퀴즈 응시 로그에 함께 기록한다.
- 이 기능은 실제로 다른 서비스나 AI 사용을 차단하기보다는, 이탈 시점을 감지하고 안내·로그로 남기는 것을 목표로 한다.","- 현재 퀴즈 세션 상태(진행 중/종료)
- 브라우저 이벤트(visibilitychange, blur/focus 등)
- 이탈 기준 설정 값(허용 이탈 횟수, 경고 노출 기준 등)","- 브라우저 보안 정책 또는 환경에 따라 일부 이벤트(탭 전환, 창 최소화 등)가 감지되지 않을 수 있으며, 이 경우에도 퀴즈 풀이 자체는 정상 진행되도록 한다.
- 이벤트 감지 스크립트 오류 시 이탈 감지 기능만 비활성화되고, 퀴즈 풀이/제출 기능에는 영향을 주지 않는다.
- 이탈 감지 중 오류가 발생해도 사용자에게 과도한 경고를 반복해서 보여주지 않도록, 동일 세션 내 경고 노출 횟수를 제한한다."
,,FS-QUIZ-PLAY-06,퀴즈 응시 중 이탈 횟수·시간 로그 및 관리자 통계 연동,,,이탈 로그/통계,"- 퀴즈 세션마다 탭/창 이탈 발생 횟수와 이탈 누적 시간을 기록하여, 퀴즈 응시 로그에 함께 저장한다.
- 이탈 정보는 퀴즈별로 '이탈 횟수', '총 이탈 시간(초)', '마지막 이탈 시각' 등 필드로 저장되며, 개별 응시 결과 상세 화면과 관리자 대시보드(퀴즈 통계)에서 조회할 수 있도록 한다.
- 관리자 대시보드에서는 부서별/퀴즈별 평균 이탈 횟수·시간, 이탈 기준 초과 응시자 비율 등의 통계를 제공하여, 응시 집중도와 부정행위 의심 패턴을 간접적으로 파악할 수 있다.
- 저장되는 이탈 로그는 응시자 행동 분석과 교육 설계 개선(예: 난이도 조정, 풀이 시간 조정)에도 활용할 수 있도록 구조화한다.","- 퀴즈 세션ID, 사용자ID, 부서 정보
- 이탈 감지 이벤트(발생 시각, 복귀 시각)
- 누적 이탈 카운트, 누적 이탈 시간(초)
- 관리자 대시보드 통계 조회 조건(기간, 부서, 퀴즈ID 등)","- 로그 저장 실패 시 퀴즈 점수·제출 결과에는 영향을 주지 않고, 이탈 정보만 누락된 상태로 처리하며 에러 로그를 남긴다.
- 통계 조회 시 데이터가 부족하거나 편향된 경우(응시자 수가 매우 적은 경우 등) 해당 지표에 '표본 부족' 표시를 추가하여 오해를 줄인다.
- 이탈 로그는 개인정보보호 및 사내 보안 정책에 따라 보존 기간을 설정하고, 기간 경과 후에는 집계값만 남기고 상세 로그는 삭제하거나 비식별 처리한다."
퀴즈 결과/채점,,FS-QUIZ-RESULT-01,퀴즈 제출 및 채점,,퀴즈 결과,채점 처리,"- 사용자가 “제출하기”를 누르면 서버에 응답을 전송하고 점수를 계산한다.
 - 정답 번호는 서버 측에만 존재하며 응답 데이터와 함께 저장하지 않는다.","- 응답 목록(문항ID, 선택 보기 번호)
 - 퀴즈ID","- 채점 중 오류 시 “채점에 실패했습니다” 안내 및 재시도 기능 제공.
 - 중복 제출은 첫 결과만 인정하고 나머지는 무시."
,,FS-QUIZ-RESULT-02,결과 화면 표시(점수/통과 여부),,,결과 표시,"- 총점, 통과 여부, 틀린 문항 수 등을 요약 카드로 보여준다.
 - 오답노트로 이동하는 버튼을 제공한다.","- 채점 결과(점수, 통과 여부, 틀린 문항ID 리스트)",- 결과 데이터를 가져오지 못하면 “결과를 불러오지 못했습니다” 안내 후 홈으로 이동 버튼 제공.
,,FS-QUIZ-RESULT-03,재응시 조건 확인,,,재응시 제어,"- 총점, 통과 여부, 틀린 문항 수 등을 요약 카드로 보여준다.
 - 오답노트로 이동하는 버튼을 제공한다.","- 사용자 응시 이력(횟수, 점수 기록)
 - 최대 응시 횟수",- 허용 횟수를 초과한 경우 버튼 비활성화 및 안내 문구 표시.
,,FS-QUIZ-REVIEW-02,오답 문항 상세/해설 표시,,오답 노트,오답 상세,"- 틀린 문항의 질문과 선택지, 사용자가 선택한 보기, 해설을 보여준다.
 - 정답 번호는 노출하지 않고 해설 텍스트로만 정답을 유추할 수 있게 한다.","- 특정 응시ID의 오답 목록
 - 각 문항의 해설 텍스트",- 오답 데이터 로딩 실패 시 해당 문항을 건너뛰고 나머지만 표시하며 로그에 기록.
,,FS-QUIZ-REVIEW-03,정답 비노출 제약 처리,,,정답 보호,"- 정답 번호/정답 문장은 API 응답에 포함하지 않는다.
 - 해설은 개념 설명 위주로 구성하여 족보 생성이 어렵게 한다.",- 서버 측 정책 설정(정답 비노출 여부),"- 만약 잘못된 API 설계로 정답 정보가 내려오는 경우, 프론트에서 해당 정보는 숨기고 알림 로그를 남긴다."
신고 작성,,FS-REP-FORM-01,신고 유형 선택 및 폼 구성,신고,신고 작성,유형/폼,"- 신고 유형(직장내 괴롭힘 / 성희롱 / 욕설, 혐오발언 / 보안 위반 / 보안 사고 / etc)을 선택하는 드롭다운을 제공한다.
- 상세 내용 입력창을 제공한다.","- 신고 유형 코드
 - 신고 작성 기본 필드(제목, 내용 등)","- 잘못된 유형 값 입력 시 기본 공통 폼으로 폴백.
 - 필수 항목 누락 시 제출 막고 에러 메시지 표시."
,,FS-REP-FORM-02,익명성/개인정보 입력 안내,,,제출," - ""허위 신고 시 불이익 발생"", ""제출 후 검토가 진행됩니다."" 문구를 화면에 보여준다.
- 취소 버튼과 제출하기 버튼을 제공한다.","- 사용자가 선택한 익명 여부
 - 동의 체크박스 상태","- 동의하지 않은 경우 제출 버튼 비활성화 및 안내 문구 표시.
 - 익명 신고 시 신원 정보 필드는 서버에 저장하지 않음."
,,FS-REP-FORM-03,신고 제출 및 접수 번호 발급,,,제출/접수,"- 신고 내용을 서버로 전송하고, 저장 후 접수 번호를 발급해 화면에 보여준다.
- 접수 완료 안내와 함께 추후 진행 안내 문구를 표시한다.","- 신고 폼 데이터(제목, 내용, 유형, 익명 여부, 첨부파일 메타 등)","- 저장 실패 시 “신고 접수에 실패했습니다” 메시지와 재시도 옵션 제공.
 - 중복 제출 방지를 위해 버튼 잠시 비활성화."
,,FS-REP-FORM-04,신고 첨부 파일 업로드/검증,,,첨부 파일,"- 증거 자료(이미지, PDF 등) 업로드를 지원하되 용량/확장자를 제한한다.
 - 악성 파일 확장자는 차단한다.","- 사용자가 업로드한 파일(이름, 크기, MIME 타입)","- 허용되지 않는 파일 업로드 시 즉시 삭제하고 안내 메시지 표시.
 - 바이러스 스캔(있을 경우) 실패 시 업로드 거부."
신고 대시보드,,FS-REP-DASH-01,신고 리스트 조회/필터,,신고 대시보드,리스트/필터,"- 신고 담당자/관리자에게 신고 리스트(상태, 유형, 발생 부서, 접수일)를 테이블로 보여준다.
 - 상태/유형/기간별 필터를 제공한다.","- 필터 값(상태, 유형, 기간)
 - 신고 리스트 API 응답","- 데이터가 없으면 “해당 조건에 해당하는 신고가 없습니다” 표시.
 - 페이징 오류 시 1페이지 기준으로만 표시."
,,FS-REP-DASH-02,신고 상세 보기 및 처리 메모,,,상세/메모,"- 리스트에서 행 클릭 시 신고 상세 내용을 조회한다.
 - 처리 담당자가 내부 메모를 남기고 업데이트할 수 있다.","- 신고ID
 - 상세 신고 데이터(내용, 첨부 링크 등)",- 상세 조회 실패 시 “신고 상세를 불러오지 못했습니다” 토스트 표시 후 리스트 유지.
,,FS-REP-DASH-03,신고 상태 변경(접수/조사중/종결),,,상태 변경,"- 처리 담당자가 상태를 접수/조사중/종결 등으로 변경할 수 있다.
 - 상태 변경 시 변경자, 변경시간을 함께 기록한다.","- 신고ID
 - 변경할 상태 값
 - 처리자ID","- 권한 없는 사용자가 상태 변경을 시도하면 “권한 없음” 메시지 표시 및 로그 기록.
 - 상태 전이 규칙을 위반하는 변경은 서버에서 막는다."
,,FS-REP-DASH-04,처리 이력 로그/감사 정보 관리,,,이력 관리,"- 신고 건별로 상태 변경, 메모 추가 등 모든 이력을 타임라인 형태로 조회할 수 있다.
 - 감사 목적을 위해 수정/삭제 이력도 남긴다.","- 신고ID
 - 이력 조회 API 응답","- 이력이 없으면 “등록된 이력이 없습니다” 표시.
 - 과거 이력 조회 실패 시, 현재 상태만 보여주고 오류는 로그에 남김."
관리자 교육 대시보드,,FS-ADMIN-EDU-DASH-01,관리자 교육 대시보드 진입 및 권한 검증,관리자,교육 대시보드,진입/권한,"- 관리자 메뉴에서 “교육 대시보드” 선택 시 화면에 진입한다.
 - 사용자 역할이 관리자/교육담당자인지 확인하고 아니면 접근을 차단한다.","- 메뉴 클릭 이벤트
 - 사용자 역할 정보","- 권한이 없으면 “접근 권한이 없습니다” 안내 후 메인 화면으로 리다이렉트.
 - 권한 검증 오류는 로그로 남기고 일반 에러 메시지 표시."
,,FS-ADMIN-EDU-DASH-02,기간/부서/교육유형 필터 초기값 설정,,,필터 초기값,"- 기본값을 “올해 전체 / 전체 부서 / 교육유형 전체(4대+직무)”로 설정한다.
 - 화면 상단에 필터 컴포넌트를 배치한다.","- 기본 기간 값
 - 부서 목록
 - 교육유형 코드(4대, 직무)
- 교육 이력은 3년까지 보관된다.","- 부서 목록 로딩 실패 시 부서 필터를 숨기거나 “전체”만 제공.
 - 잘못된 날짜 범위는 자동 수정 후 안내."
,,FS-ADMIN-EDU-DASH-03,4대 교육 이수 요약 카드,,,4대교육 요약 카드,"- 4대 교육별 이수율/이수자 수/미이수자 수를 카드 형태로 보여준다.
 - 카드 클릭 시 해당 과목의 상세 통계 영역으로 스크롤 이동한다.",- 과목별 이수 통계 API 응답,"- 통계 API 오류 시 카드 영역에만 “불러오기 실패” 문구 표시, 나머지 위젯은 정상 동작."
,,FS-ADMIN-EDU-DASH-04,4대 교육 과목별/부서별 이수 현황 테이블/차트,,,4대교육 상세 통계,"- 선택된 기간/부서 기준으로 과목별·부서별 이수율을 테이블과 차트로 보여준다.
 - 특정 셀 클릭 시 해당 부서/과목 상세로 드릴다운(필요 시).",- 부서/과목별 이수 통계 데이터,"- 데이터가 많아 조회가 느릴 경우 로딩 스피너와 “조회 중” 메시지 출력.
 - 해당 조건 데이터가 없으면 빈 테이블과 안내 문구 표시."
,,FS-ADMIN-EDU-DASH-05,부서별 직무교육 현황 요약 카드,,,직무교육 요약 카드,"- 부서별 직무교육 등록 개수와 필수/선택 비율을 요약 카드로 보여준다.
 - 평균 직무교육 수/부서 등의 지표를 함께 제공한다.","- 직무교육 통계 API 응답(부서별 개수, 필수/선택 비율)",- 직무교육 데이터가 없는 경우 “등록된 직무교육이 없습니다” 안내.
,,FS-ADMIN-EDU-DASH-06,직무교육 목록 및 이수 현황 테이블,,,직무교육 상세 테이블,"- 선택된 부서 기준으로 직무교육 리스트(제목, 필수/선택, 대상자 수, 이수자 수, 이수율, 업데이트 일자)를 보여준다.
 - 행 클릭 시 해당 직무교육 상세로 이동한다.",- 직무교육 통계 데이터,"- 페이징 실패 시 1페이지 기준으로만 표시.
 - 상세 화면 이동 오류 시 토스트 알림 후 대시보드 유지."
,,FS-ADMIN-EDU-DASH-08,필터 변경 시 통계 재조회,,,필터 조회,"- 기간/부서/유형 필터 변경 시 통계 API를 다시 호출하여 화면을 갱신한다.
 - 조회 중에는 각 위젯에 로딩 인디케이터를 표시한다.","- 필터 값(기간, 부서, 교육유형)",- 일부 위젯만 실패 시 해당 위젯에만 오류 메시지 표시.
,,FS-ADMIN-EDU-DASH-09,권한에 따른 대시보드 노출 범위 제어,,,권한 기반 노출,"- 상위 관리자는 전사 통계를, 부서 교육담당자는 자기 부서 통계만 볼 수 있다.
 - 필터에서 선택 가능한 부서 목록도 권한에 따라 제한한다.","- 사용자 역할/부서 정보
 - 권한 설정 테이블","- 권한 설정이 모호하면 최소 권한(자기 부서만)으로 폴백.
 - 권한 오류는 로그에 남기고 사용자에게는 일반 메시지만 노출."
,,FS-ADMIN-EDU-DASH-10,대시보드 데이터 로딩/오류 상태 표시,,,로딩/오류 표시,"- 초기 로딩 중 스켈레톤 또는 스피너 표시.
 - 치명적 오류(인증 등)는 상단 글로벌 배너로 안내한다.","- 통계 API 응답 코드
 - 인증/인가 결과","- 토큰 만료 시 로그인 페이지로 리다이렉트.
 - 알 수 없는 오류는 공통 에러 문구로 표시."
,,FS-ADMIN-EDU-DASH-11,대시보드 데이터 다운로드/내보내기,,,내보내기,"- 현재 필터 조건의 통계를 CSV/엑셀로 다운로드할 수 있다.
 - 다운로드 파일에 필터 조건을 헤더로 포함한다.","- 다운로드 버튼 클릭 이벤트
 - 필터 값
 - export API 응답(파일 스트림/URL)","- export 실패 시 “다운로드에 실패했습니다” 안내.
 - 데이터량 과다 시 서버에서 제한하고 범위 축소 안내 및 로그 저장"
,,FS-ADMIN-EDU-DASH-12,교육 관리,,,교육 신규 등록,"- 관리자가 새 교육(4대 교육 또는 직무교육)을 직접 등록할 수 있다.
- 제목, 설명, 교육유형, 필수 여부, 대상 부서, 예상 시청 시간, 대표 영상 여부 등을 입력한다.
- 필요 시 관련 문서를 업로드하면 RAG/영상 생성 파이프라인으로 전달할 수 있다.","- 교육유형: MANDATORY(4대) / JOB(직무)
- 교육 제목
- 교육 설명
- 필수/선택 여부
- 대상 부서직무
- 태그/카테고리",
,,FS-ADMIN-EDU-DASH-13,교육 관리,,,교육 신규 수정,"- 이미 등록된 교육의 정보를 수정할 수 있다.
- 수정 가능한 항목: 제목, 설명, 필수 여부, 대상 부서",- 수정된 교육 정보 전체 또는 일부,
,,FS-ADMIN-EDU-DASH-14,교육 관리,,,교육 신규 삭제,"- 관리자가 특정 교육을 삭제할 수 있다.
- 이수 기록은 유지하되, 교육 목록에서는 더 이상 노출되지 않는다.
- 삭제된 교육은 삭제 날짜 플레그만 남고 데이터에 삭제되지않음 (soft delete)",- 성공 여부,
관리자 대시보드 - FAQ 관리(백엔드 배치 포함),,FS-ADMIN-FAQ-01,FAQ 후보 자동 선정 배치,FAQ 관리,로그 기반 선정,자동 갱신,"FAQ 후보는 챗봇 로그(비식별 처리된 질문 텍스트)를 기반으로 주기적으로 자동 선정한다. 일정 기간(예: 최근 30일) 동안의 질문 로그에서 Out-of-scope 및 민감 카테고리(PII 관련, 신고 내용 등)를 제외한 뒤, 도메인별로 빈도 수가 높은 질문을 집계한다. 집계 결과 중 상위 N개(예: 상위 20개)를 FAQ 후보 풀로 저장하고, 이 중 전 직원 공통 질문 기준에서 가장 대표적인 4개를 실제 노출 FAQ로 선택한다. 이 과정은 백엔드 배치 또는 관리자 화면의 “FAQ 갱신” 버튼으로 트리거한다.","비식별 질문 로그(질문 텍스트, 도메인, 빈도, 기간), OOS/민감 라벨 정보","로그 집계 또는 배치 실행 실패 시 기존 FAQ 구성을 유지하고, 관리자에게만 상태(갱신 실패)를 표시한다. OOS/민감 필터에 오류가 있을 경우 과도한 필터로 인한 FAQ 부족이 발생할 수 있으며, 이 경우 최근 빈도 상위 질문 중 안전한 것만 임시로 채우거나 FAQ 개수를 줄인 상태로 노출한다."
영상 생성/관리,,FS-VIDEO-CREATE-01,"교육 대상 정보 입력(부서, 교육유형 등)",영상,영상 생성,"교육 대상 정보 입력
(부서, 교육유형 등)","- 시스템은 로그인 사용자의 creator_type 및 dept_scope 정보를 조회한다.
- creator_type == DEPT_CREATOR 인 경우 “교육 대상 부서” 선택 필드에는 dept_scope에 포함된 부서만 노출한다.
- creator_type == GLOBAL_CREATOR 인 경우 전체 부서 목록 및 4대 교육 목록 및 “전사 공통” 옵션을 노출한다.
- 사용자가 UI를 통해 선택한 부서 정보는 서버 전송 시에도 동일하게 전달되어야 한다.","- 사용자 권한(dept_scope)
- 부서 정보","- F-SEC-VID-DEPT-01 (서버 검증)
- 서버는 요청 바디의 target_dept_code가 로그인 사용자 권한 범위(dept_scope)에 포함되는지 검증한다.
- 포함되지 않을 경우 HTTP 403을 반환하고, 보안 로그에 “부서 범위 위반”을 기록한다. (BR-VID-DEPT-01 참조)"
,,FS-VIDEO-CREATE-SEC-01,교육영상 생성 요청 권한 검증,,,백엔드 API /api/videos (POST),"1. VIDEO_CREATOR 롤인지 확인, 아니면 403.
2. creator_type == DEPT_CREATOR 인 경우:
 - training_type != JOB 이면 403.
 - target_dept_code가 dept_scope에 포함되지 않으면 403.
3. creator_type == GLOBAL_CREATOR 인 경우:
 - 정책에 맞는 training_type/target_dept_code 조합인지 검증.
4. 검증 통과 시 DB에 교육영상 레코드 생성 및 후속 파이프라인 호출.","- 로그인 사용자 정보: role, creator_type, dept_code, dept_scope
- 요청 바디: training_type, target_dept_code, 기타 메타데이터",
,,FS-VIDEO-CREATE-02,영상 생성 대상 선택(4대/직무교육),,,교육 선택,"- 4대 교육 또는 직무교육 중 어느 교육을 영상으로 생성할지 선택한다.
 - 직무교육의 경우 특정 training_id를 지정한다.","- 교육 목록(4대, 직무)
 - 선택한 교육ID",- 존재하지 않는 교육ID 선택 시 에러 메시지 표시 후 선택 화면 유지.
,,FS-VIDEO-CREATE-03,원본 문서 업로드/검증,,,문서 업로드,"- PPT/PDF/DOCX/HWP 등 허용된 형식의 교육 자료를 업로드한다.
 - 파일 크기/페이지 수 제한을 검증한다.","- 업로드 파일(이름, 크기, 타입)
 - 허용 포맷/용량 설정","- 허용되지 않는 형식/용량 초과 시 업로드 거부 및 안내 문구 표시.
 - 업로드 실패는 재시도 가능하도록 유지."
,,FS-VIDEO-CREATE-04,LLM 기반 스크립트 생성/요약 표시,,,스크립트 생성,"- 업로드 문서를 기반으로 LLM이 교육용 스크립트/요약을 생성한다.
 - 생성된 스크립트를 화면에서 확인할 수 있게 표시한다.","- 업로드 문서ID
 - 스크립트 생성 요청 파라미터(언어, 길이 등)","- LLM 호출 실패 시 “스크립트 생성에 실패했습니다” 안내 및 재시도 버튼 제공.
 - 부분 생성 실패 시 생성된 구간만 우선 표시."
,,FS-VIDEO-CREATE-05,스크립트 수정/저장,,,스크립트 편집,"- 사용자가 생성된 스크립트를 직접 수정할 수 있다.
 - 수정된 스크립트를 저장하면 이후 영상 생성에 해당 버전을 사용한다.","- 사용자 편집 내용(스크립트 텍스트)
 - 스크립트 버전ID","- 저장 실패 시 편집 내용이 날아가지 않도록 클라이언트에 임시 보관하고, 재저장 안내."
,,FS-VIDEO-CREATE-06,영상 생성 요청/큐 등록,,,생성 요청,"- 스크립트와 템플릿(배경, 자막 스타일 등)을 바탕으로 영상 생성 요청을 전송한다.
- 요청은 비동기 큐에 등록되어 백그라운드에서 처리된다.","- 스크립트ID
 - 템플릿/옵션 설정값","- 큐 등록 실패 시 즉시 오류 메시지 표시 및 재요청 버튼 제공.
 - 중복 요청 방지를 위해 동일 스크립트+옵션 조합엔 경고 표시."
,,FS-VIDEO-CREATE-07,영상 생성 상태 조회(대기/진행/완료/실패),,,상태 조회,"- 생성 요청별 상태(대기/진행/완료/실패)를 리스트로 보여준다.
- 자동 새로고침 또는 수동 새로고침 버튼을 제공한다.","- 영상 생성 작업ID
 - 상태 조회 API 응답",- 상태 조회 실패 시 현재 표시된 마지막 상태를 유지하고 토스트 경고만 노출.
,,FS-VIDEO-CREATE-08,실패 작업 재시도/오류 메시지,,,재시도,"- “실패” 상태인 작업은 재시도 버튼을 제공한다.
- 실패 사유(로그 요약)를 함께 표시한다.","- 작업ID
 - 재시도 요청 이벤트",- 연속 실패 횟수가 일정 횟수를 넘으면 재시도 버튼 비활성화 및 관리자 문의 안내.
영상 목록/버전관리,,FS-VIDEO-LIST-01,생성된 영상 목록/버전 관리,,영상 관리,목록/버전,"- 교육별로 생성된 영상 리스트와 버전(예: v1, v2)을 보여준다.
- 대표 영상으로 지정된 버전을 표시한다.",- 교육ID별 영상 메타데이터 목록,"- 데이터 로딩 실패 시 “영상 목록을 불러오지 못했습니다” 안내.
 - 대표 영상이 없으면 기본 대표 없음 상태로 표시."
영상 검토,,FS-VIDEO-REVIEW-01,검토자 영상 리스트 조회,,영상 검토,검토 리스트,"- 화면 진입 시, 서버는 로그인한 검토자의 reviewer_type 및 review_scope를 조회한다.
- 서버는 다음 조건을 만족하는 교육영상만 “검토 대기 목록”으로 반환한다.
 - 상태: status = 'REVIEW_PENDING'
 - 교육 유형:
   - DEPT_REVIEWER → training_type = 'JOB'만
   - GLOBAL_REVIEWER → training_type IN ('MANDATORY', 'JOB')
 - 대상 부서(target_dept_code):
   - DEPT_REVIEWER → target_dept_code IN review_scope
   - GLOBAL_REVIEWER → 정책에 따라 전 부서 또는 지정된 범위
- 프론트는 반환된 목록만 표에 표시하고, 필터 UI에서도 review_scope 밖의 부서는 선택할 수 없게 제한한다.
- 교육명, 버전, 생성일, 상태 등을 함께 표시한다.","- 로그인 사용자 정보: reviewer_type(DEPT_REVIEWER/GLOBAL_REVIEWER), review_scope(부서 목록), dept_code
- 검토 대상 영상 목록 API 응답
- 필터(옵션): 교육 유형, 대상 부서, 생성일, 상태(검토 대기/반려 등)","- REVIEWER 권한 없음 → 접근 차단/권한 없음 메시지.
- review_scope가 비어 있는 경우 → “검토 가능한 교육이 없습니다.” 메시지 및 로그 확인 필요.
- 목록이 없으면 “검토할 영상이 없습니다” UI 문구 표시."
,,FS-VIDEO-REVIEW-02,영상 검토/재생 UI,,,재생/검토,"- 선택한 영상을 재생하고, 자막/스크립트 내용도 함께 확인할 수 있다.
- 문제 구간에 대한 메모 입력 필드를 제공한다.","- 영상 URL
 - 스크립트 텍스트","- 영상 재생 실패 시 다시 시도 버튼과 오류 안내 제공.
 - 스크립트 로딩 실패 시 영상만이라도 재생되도록 처리."
,,FS-VIDEO-REVIEW-03,승인/반려 및 사유 입력,,,승인/반려,"- 검토자는 “승인/반려” 버튼을 통해 결과를 기록할 수 있다.
- 반려 시 반드시 사유를 입력하게 강제한다.","- 영상ID
 - 승인/반려 플래그
 - 반려 사유(텍스트)","- 승인 권한이 없는 사용자가 접근 시 버튼 비활성화 및 안내.
 - 저장 실패 시 사용자에게 재시도 안내."
,,FS-VIDEO-REVIEW-04,대표 영상으로 승격/롤백,,,대표 영상 지정,"- 승인된 영상 중 하나를 해당 교육의 대표 영상으로 지정한다.
- 필요 시 기존 대표 영상으로 롤백할 수 있다.","- 교육ID
 - 선택한 영상ID","- 이미 대표인 영상을 다시 지정하려 할 경우 아무 변화 없이 로그만 남김.
 - 롤백 대상이 없으면 롤백 버튼 비활성화."
챗봇 엔진,,FS-CHAT-ENGINE-01,질문 도메인 분류 호출,챗봇,엔진,도메인 분류,"- 사용자의 질문을 분류 모델/규칙에 전달해 도메인(교육/보안/신고/일반/Out-of-scope)을 판단한다.
- 결과는 로그와 FAQ 분석에 함께 저장한다.","- 질문 텍스트
 - 분류 모델/규칙 테이블","- 분류 실패 시 기본 도메인(일반)으로 처리하고 로그에 기록.
 - Out-of-scope는 별도 태그만 남기고 FAQ 후보에 포함하지 않는다."
,,FS-CHAT-ENGINE-02,RAG 검색/문서 후보 조회,,,RAG 검색,"- 도메인/질문 키워드를 기반으로 관련 문서의 청크를 Vector DB에서 검색한다.
- 상위 k개 후보를 LLM에게 전달할 컨텍스트로 구성한다.","- 질문 텍스트 임베딩
 - Vector DB 검색 결과(문서ID, 청크 내용, 점수)",- 검색 결과가 없으면 “관련 문서를 찾지 못했습니다” 메시지와 함께 일반 모델 응답으로 폴백.
,,FS-CHAT-ENGINE-03,LLM 응답 생성/프롬프트 구성,,,응답 생성,"- 시스템/도메인 프롬프트 + 검색된 문서 컨텍스트 + 사용자 질문으로 LLM 요청을 구성한다.
- 응답을 말풍선 형태로 반환한다.","- 프롬프트 템플릿
 - 검색 컨텍스트
 - 질문 텍스트","- LLM 호출 실패 시 재시도 후, 그래도 실패하면 오류 메시지와 문의 안내 표시."
,,FS-CHAT-ENGINE-04,Out-of-scope 응답 템플릿 처리,,,범위 밖 응답,"- HR/연차 등 범위를 벗어난 질문으로 분류되면 준비된 템플릿 응답을 사용한다.
- 필요 시 해당 기능은 그룹웨어/HR 포털 링크를 안내한다.",- 도메인 분류 결과(Out-of-scope 플래그),- 템플릿 로딩 실패 시 “해당 내용은 이 챗봇 범위 밖입니다” 기본 문구를 사용.
,,FS-CHAT-ENGINE-05,보안/신고 민감 질문 라우팅 제약,,,민감 질문 처리,"- 보안사고/신고 관련 질문은 외부 API로 나가지 않도록 내부 모델/내부 지식만 사용한다.
- 필요 시 신고 페이지 이동을 제안한다.",- 도메인 분류 결과(보안/신고 플래그),- 라우팅 로직 오류 시 안전 쪽(외부 호출 차단)으로 폴백하고 로그 기록.
FAQ/로그 백엔드,,FS-ADMIN-FAQ-API-01,질문 로그 집계/도메인별 통계 API,관리자,FAQ/로그,로그 집계 API,"- 기간/도메인/부서별 질문 수를 집계해 관리자 대시보드에서 사용할 수 있도록 제공한다.
- Out-of-scope 비율도 함께 계산한다.","- 로그 테이블(질문, 도메인, 부서, 시간 등)
 - 집계 기간 파라미터","- 데이터가 없으면 0으로 반환.
 - 집계 오류 시 관리자 대시보드에서 해당 위젯만 오류로 표시."
,,FS-ADMIN-FAQ-API-02,FAQ 후보 자동 선정 배치,,,FAQ 선정 배치,"- 일정 주기(예: 하루 한 번)로 질문 로그를 분석해 FAQ 후보를 점수화한다.
- 도메인별 슬롯 수를 고려해 상위 N개를 선정한다.","- 질문 로그 데이터
 - 도메인별 가중치/슬롯 설정",- 배치 실행 실패 시 이전 결과를 유지하고 알림만 관리자용 로그에 남긴다.
,,FS-ADMIN-FAQ-API-03,FAQ 결과 저장/노출 API,,,FAQ 노출 데이터,"- 선정된 FAQ 후보를 별도 테이블에 저장하고, 새 채팅 화면에서 4개를 조회하는 API로 제공한다.
- 관리자가 수동으로 비활성화한 질문은 제외한다.","- 선정된 FAQ 리스트(질문ID, 점수, 도메인 등)
 - 관리자 수동 설정(활성/비활성 플래그)","- 활성 FAQ가 4개 미만이면 있는 것만 반환.
 - 테이블 손상 시 빈 리스트와 에러 로그를 남기고 프론트는 안내 문구 표시."
문서/RAG 관리,,FS-SYS-RAG-01,문서 업로드 큐 관리,시스템,문서/RAG,업로드 큐,"- 업로드된 교육 문서를 큐에 등록해 전처리/임베딩 작업 순서를 관리한다.
- 상태(대기/진행/완료/실패)를 기록한다.","- 문서 메타데이터(파일명, 형식, 업로드자, 교육ID)",- 큐 등록 실패 시 업로드 화면에 에러 표시 및 재시도 버튼 제공.
,,FS-SYS-RAG-02,문서 전처리(텍스트 추출/클린징),,,전처리,"- 다양한 포맷(PDF/PPT/DOCX/HWP)에서 텍스트를 추출한다.
- 페이지 구분, 불필요한 공백/머리말/꼬리말 제거 등 클린징을 수행한다.","- 업로드 문서 파일
 - 전처리 설정값","- 추출 실패 시 해당 문서를 실패 상태로 표시하고 원인 로그를 남긴다.
 - 부분 추출만 가능한 경우 추출된 범위만이라도 저장."
,,FS-SYS-RAG-03,임베딩 생성 및 Vector DB 저장,,,임베딩/저장,"- 전처리된 텍스트를 청크 단위로 나누고 임베딩을 생성한다.
- 임베딩과 메타데이터(교육ID, 페이지, 섹션)를 Vector DB에 저장한다.","- 전처리 결과 텍스트
 - 임베딩 모델 설정","- 임베딩 실패 시 해당 청크는 건너뛰고 나머지만 저장.
 - Vector DB 쓰기 오류 시 재시도 후 실패 청크를 별도 테이블에 기록."
,,FS-SYS-RAG-04,인덱스 상태 모니터링,,,인덱스 모니터링,"- Vector DB 내 문서 수, 청크 수, 마지막 업데이트 시간, 청크 단위, 유사도 등을 주기적으로 점검한다.
- 이상 징후(과도한 용량, 실패 청크 증가 등)를 관리자 대시보드에 요약 제공할 수 있다.",- Vector DB 메타 정보 API,"- 상태 조회 실패 시 최근 성공 시점 기준으로만 정보 표시.
 - 심각한 오류는 알람 시스템(메일/슬랙 등)과 연동할 수 있도록 확장."
,,FS-SYS-RAG-05,장애 알림/재시도 정책,,,장애 처리,"- 전처리/임베딩/저장 중 반복 실패하는 작업에 대해 재시도 횟수/간격을 설정한다.
- 일정 횟수 이상 실패 시 관리자에게 알림을 보낸다.","- 실패 작업 목록
 - 재시도 설정(최대 횟수, 간격)",- 알림 전송 실패 시 로그에만 남기고 핵심 파이프라인에는 영향이 없도록 분리.
채팅 히스토리 목록,,FS-CHAT-HIST-01,과거 채팅 세션 목록 조회,챗봇,채팅 히스토리,세션 목록,"- 좌측 목록에는 사용자별 최신 30개 세션만 최근 순으로 목록 표시한다
- 세션 제목을 함께 보여준다.","- 사용자ID
 - 페이지/페이지 크기",- 세션이 없으면 “저장된 채팅이 없습니다” 안내 메시지 표시.
,,FS-CHAT-HIST-02,세션 제목 자동 생성/수정,,,세션 제목,"- 첫 질문과 대답 혹은 대표 키워드를 기반으로 자동 세션 제목을 생성한다.
- 사용자가 제목을 직접 수정할 수 있다.","- 첫 질문 텍스트
 - 사용자가 입력한 커스텀 제목","- 자동 생성 실패 시 “제목 없음”으로 표시하고, 사용자가 수정할 수 있도록 한다."
,,FS-CHAT-HIST-03,세션 검색(질문/제목/도메인 기준),,,검색/필터,"- 세션 제목, 최근 질문 내용, 도메인 태그로 검색/필터할 수 있다.
 - 기간(예: 지난 30일) 필터도 제공한다.","- 검색 키워드
 - 도메인 필터
 - 기간 필터",- 검색 결과가 없으면 “검색 결과가 없습니다” 메시지 표시.
채팅 히스토리 상세,,FS-CHAT-HIST-04,과거 세션 재열람,,,세션 상세,- 목록에서 세션을 클릭하면 해당 채팅방으로 이동한다.,"- 선택한 메시지 텍스트
- 사용자ID
- 세션ID
- 세션 내 메시지 리스트",- 세션ID가 존재하지 않으면 목록 화면으로 리다이렉트하고 오류 로그를 남기며 기존 세션 화면 유지 + 에러 토스트 제공.
채팅 히스토리 관리,,FS-CHAT-HIST-06,세션 삭제/보관,,,삭제/보관,"- 사용자별 세션은 최대 30개까지 저장하며, 30개를 초과하면 가장 오래된 세션부터 UI 목록에서 제거한다.
단, 삭제된 세션은 관리자·시스템 통계용으로는 DB에 남아 있다.
- 사용자 1인당 세션 최대 300개(백엔드 DB 기준)
- 사용자가 더 이상 필요 없는 세션을 삭제할 수 있다.","- 사용자 선택 세션ID 리스트
 - 삭제 플래그","- 회사 정책상 삭제가 아니라 “비표시”만 허용하는 경우, 논리 삭제 플래그로만 처리하고 실제 데이터는 유지한다."
채팅 히스토리 로딩,,FS-CHAT-HIST-07,채팅 내용 내보내기(텍스트/파일),,,로딩,"- 초기 로딩 시 최근 50개 메시지만 가져오고, 위로 스크롤 시 이전 메시지를 추가 로딩(무한 스크롤)한다.","- 세션ID
 - 내보내기 형식(TXT/MD 등)",- 내보내기 생성 중 오류 시 “내보내기에 실패했습니다” 안내 및 재시도 버튼 제공.
채팅 히스토리 보호,,FS-CHAT-HIST-08,민감 세션 보호 표시/비공개 처리,,,민감 세션 표시,"- 특정 도메인(신고/민감보안) 세션은 목록에서 별도 아이콘으로 표시한다.
- 해당 세션은 본인/지정 권한자만 열람 가능하게 제한한다.","- 세션 메타데이터(도메인, 민감도 플래그)
 - 사용자 권한",- 권한 없는 사용자가 접근 시 “열람 권한이 없습니다” 안내 후 목록으로 이동.
채팅 피드백 팝업,,FS-CHAT-FB-01,N번째 메시지 이후 피드백 팝업 트리거,,피드백,팝업 트리거,- 동일 세션에서 20번째 질문에 도달하면 평가 팝업을 띄운다.,"- 세션 내 질문 카운트
 - 피드백 요청 기준 값(N)",- 팝업 로딩 실패 시 피드백 없이 계속 채팅 가능하게 처리하고 로그만 남긴다.
,,FS-CHAT-FB-02,피드백 형식(좋아요/별점/단문 텍스트) 선택,,,피드백 입력,"- 👍/👎 또는 5점 척도 선택 기능을 제공한다.
- 선택적으로 짧은 코멘트를 적을 수 있는 텍스트 필드를 포함한다.","- 사용자가 선택한 점수/버튼
 - 코멘트 텍스트(선택)","- 점수 없이 코멘트만 입력하는 것은 허용 or 막을지 정책에 따라 제어.
 - 유효하지 않은 점수 값은 서버에서 거부한다."
,,FS-CHAT-FB-03,피드백 강제 여부 제어(Soft vs Hard),,,강제 정책,- 피드백을 완료하지 않아도 “건너뛰기” 선택 시 바로 채팅 계속 가능하다.,,- 설정값이 없거나 잘못된 경우 기본 Soft 모드로 동작한다.
채팅 피드백 수집,,FS-CHAT-FB-04,피드백 저장 API 호출,,,피드백 저장,"- 세션ID, 메시지ID, 점수, 코멘트를 서버에 저장한다.
- 이후 FAQ 선정/품질 분석에서 활용한다.","- 세션ID
 - 피드백 점수/코멘트
 - 질문/응답 메타데이터",- 저장 실패 시 사용자에게 재요청하지 않고 조용히 실패 로그만 기록한다.
채팅 피드백 통계,,FS-CHAT-FB-07,도메인별/부서별 피드백 점수 통계,관리자,피드백 통계,점수 분포,"- 도메인(교육/보안/일반)과 부서별로 평균 점수, 응답 수를 집계한다.
- 낮은 점수를 많이 받은 영역을 시각화한다.","- 피드백 테이블
 - 부서/도메인 정보",- 데이터가 부족한 구간은 “N건 미만”으로 묶어서 표시하거나 비표시할 수 있다.
,,FS-CHAT-FB-08,피드백 기반 FAQ 후보 가중치 반영,,,FAQ 가중치,"- 피드백이 좋은 질문/응답은 FAQ 후보 점수에 가중치를 더한다.
- 피드백이 나쁜 질문은 후보에서 제외하거나 점수를 낮춘다.","- 질문 로그 + 피드백 점수
- FAQ 후보 점수 계산 로직",- 가중치 설정이 과도하게 큰 경우 기본 값으로 리셋하고 관리자에게 경고 메시지.
FAQ 관리 UI,,FS-ADMIN-FAQ-UI-01,자동 생성 FAQ 승인,,FAQ 관리,FAQ 등록 승인,- ai가 생성한 faq는 관리자 승인 후 등록된다.,,
,,FS-ADMIN-FAQ-UI-02,FAQ 후보 리스트 UI,,,후보 리스트,"- 배치에서 선정된 FAQ 후보를 리스트로 보여준다.
- 질문, 도메인, 노출 여부, 점수 등을 컬럼으로 표시한다.",- FAQ 후보 테이블 조회 API 응답,- 데이터가 없으면 “현재 추천된 FAQ 후보가 없습니다” 안내만 표시.
,,FS-ADMIN-FAQ-UI-03,후보에서 실제 FAQ로 승격,,,승격 버튼,"- 후보 리스트에서 특정 항목을 선택해 “FAQ로 설정” 버튼을 누르면 노출용 FAQ 테이블에 저장한다.
- 최대 노출 개수(예: 4개)를 초과할 경우 경고를 띄운다.","- 선택한 질문ID
- 최대 노출 개수 설정",- 초과 시 저장을 막고 “최대 N개까지 설정 가능합니다” 안내.
,,FS-ADMIN-FAQ-UI-04,FAQ 수동 등록(질문/답변 직접 입력),,,수동 등록,"- 관리자가 직접 질문/답변, 도메인 태그를 입력해 FAQ를 등록할 수 있다.
- 자동 선정과 무관하게 항상 노출 대상으로 취급한다(우선순위).","- 질문 텍스트
- 답변 텍스트
- 도메인 선택","- 필수 필드 미입력 시 저장 불가 처리.
 - 도메인 미선택 시 저장 막고 안내."
,,FS-ADMIN-FAQ-UI-05,FAQ 수정/비활성화,,,수정/비활성,"- 기존 FAQ의 질문/답변/도메인을 수정할 수 있다.
- 특정 FAQ를 비활성화해 새 채팅 화면에서 숨길 수 있다.","- FAQID
- 수정된 질문/답변/도메인
- 활성/비활성 플래그",- 비활성화된 항목은 자동 선정 배치에서도 제외될 수 있도록 플래그를 동기화한다.
,,FS-ADMIN-FAQ-UI-06,FAQ 우선순위/노출 순서 조정,,,노출 순서,"- 드래그 앤 드롭 또는 순서 번호 입력으로 FAQ 노출 순서를 조정할 수 있다.
- 새 채팅 화면에서는 이 순서대로 상단 4개를 노출한다.","- FAQID
- 순서 값(정수)",- 동일 순서 값이 들어오면 서버에서 재정렬 규칙(정렬 기준)으로 자동 정리.
,,FS-ADMIN-FAQ-UI-08,도메인별 FAQ 탭/필터,,,도메인 필터,"- 교육/보안/일반 등 도메인별로 FAQ를 필터링해 관리할 수 있다.
- 각 탭에서 해당 도메인의 FAQ만 보이도록 한다.",- 도메인 코드 필터,- 존재하지 않는 도메인 값은 무시하고 기본 전체 탭으로 폴백.
,,FS-ADMIN-FAQ-UI-09,FAQ 변경 이력 관리,,,변경 이력,"- 어떤 관리자가 언제 FAQ를 추가/수정/삭제했는지 이력을 남긴다.
- 롤백 대상을 찾을 수 있도록 이전 버전 내용을 함께 저장할 수 있다(필요 시).","- 관리자ID
- 변경 유형(add/update/delete)
- 변경 전/후 내용","- 이력 조회 실패 시 FAQ 동작에는 영향 없도록 하고, 이력 화면에만 오류 메시지 표시."
관리자 퀴즈 대시보드,,FS-ADMIN-QUIZ-STAT-01,퀴즈 응시 현황 요약 카드,,퀴즈 통계,요약 카드,"- 전체 퀴즈 응시 건수, 평균 점수, 응시율(=이수율), 응시자 수 등을 카드로 요약한다.
- 기간/교육 필터에 따라 값이 바뀐다.","- 퀴즈 로그 통계 데이터
 - 필터 값(기간, 교육ID)",- 데이터 없을 시 0/“N/A”로 표시하고 “데이터 없음” 배지 표시.
,,FS-ADMIN-QUIZ-STAT-03,부서별 평균 점수/참여율 테이블,,,부서 통계,"- 부서별 평균 점수를 막대그래프 등으로 표시한다.
- 응시자 비율(응시 인원/대상 인원)을 표로 보여준다.
- 특정 부서를 클릭하면 상세 화면으로 이동한다.","- 부서별 퀴즈 통계(평균 점수, 응시 인원, 대상 인원)",- 대상 인원이 0인 부서는 제외하거나 “대상 없음”으로 표시.
,,FS-ADMIN-QUIZ-STAT-04,문항별 난이도/정답률 분석,,,문항 분석,"- 각 문항별 정답률, 오답 패턴을 분석해 테이블로 표시한다.
- 난이도가 너무 쉬운/어려운 문제를 식별하는 지표로 사용한다.",- 문항별 응시/정답/오답 데이터,- 응시 수가 너무 적은 문항은 “분석 불충분”으로 표시.
,,FS-ADMIN-QUIZ-STAT-05,퀴즈 재응시 비율/패턴 통계,,,재응시 통계,"- 몇 %의 사용자가 2회 응시까지 갔는지, 첫 점수 대비 향상 정도를 분석한다.
- 교육 효과성을 보는 데 활용한다.","- 응시 이력(회차, 점수)
- 사용자ID",- 재응시가 없는 교육은 해당 섹션을 숨기거나 “재응시 데이터 없음” 표시.
,,FS-ADMIN-QUIZ-STAT-07,교육별 퀴즈 중도 포기율 분석,,,포기율 분석,"- 퀴즈를 시작했지만 제출하지 않은 비율을 계산한다.
- 중도 포기율이 높은 교육/부서를 찾아낸다.","- 응시 시작 로그
- 제출 로그","- 포기 여부 판단 기준(예: 시작 후 X시간 내 미제출)을 설정하고, 기준이 없으면 계산하지 않는다."
,,FS-ADMIN-QUIZ-STAT-08,교육별 퀴즈 생성 정책 관리,,퀴즈 관리,생성 정책 관리,"- 4대 교육 및 직무/부서별 교육마다 기본 퀴즈 생성 정책(문항 수, 난이도 비율, 제한 시간, 합격 기준, 재응시 허용 여부 등)을 설정·저장한다.
- 실제 문항 텍스트는 사전에 고정된 세트로 관리하지 않고, 응시 시점마다 현재 활성화된 생성 정책을 기준으로 LLM이 매번 새로운 문항을 생성한다.
- 관리자는 교육별로 서로 다른 생성 정책을 설정할 수 있으며, 정책 변경 시 이후 신규 응시부터 자동으로 반영된다.","- 교육ID(4대 교육, 직무교육, 부서별 교육 코드 등)
- 생성 정책 파라미터(문항 수, 난이도 분포, 제한 시간, 합격 기준 점수, 재응시 허용 횟수 등)
- 정책 활성/비활성 플래그",- 동시에 두 버전이 활성화되지 않도록 서버에서 제약한다.
,,FS-ADMIN-QUIZ-STAT-09,LLM 퀴즈 생성 프롬프트/룰 관리,,,프롬프트/룰 관리,"- 교육별로 LLM에 전달할 퀴즈 생성 프롬프트와 출제 룰(보기 형식, 정답 개수, 금지 표현, 회사 공식 답변 기준 등)을 관리한다.
- 관리자는 기존 교육의 프롬프트/룰을 복사해 다른 교육에 적용하거나, 일부 문구만 수정해 재사용할 수 있다.
- 프롬프트에는 예시 문항/정답 패턴을 포함할 수 있으며, 이를 통해 LLM이 생성하는 문항 스타일을 통제한다.
- 프롬프트가 비어 있거나 금지된 패턴(개인정보 요청, 회사 정책 위반 표현 등)이 포함된 경우 저장을 막고, 관리자에게 수정 사유를 안내한다.","- 교육ID
- 퀴즈 생성 프롬프트 텍스트(지시문, 제약 조건, 예시 문항 등)
- 프롬프트 템플릿ID(선택), 복사 원본 교육ID(선택)",- 복사 중 오류 시 새 세트 생성 롤백하고 에러 메시지 표시.
,,FS-ADMIN-QUIZ-STAT-10,LLM 기반 퀴즈 샘플 생성 및 검토,,,LLM 샘플 생성/검토,"- 관리자는 교육별로 현재 설정된 생성 정책과 프롬프트를 사용해 LLM에게 퀴즈 샘플 생성 요청을 보낼 수 있다.
- 생성된 샘플 문항들은 실제 응시용으로 고정 배포하지 않고, “샘플/검토용” 상태로만 저장하여 문항 품질을 눈으로 확인하는 데 사용한다.
- 관리자는 샘플 문항 목록에서 잘못된 표현, 난이도 불균형, 회사 정책과 맞지 않는 선택지 등을 체크해 코멘트를 남기고, 이를 바탕으로 생성 정책·프롬프트를 수정할 수 있다.
- 실제 직원 응시 시에는 매번 새로운 문항이 실시간 생성되지만, 샘플 생성 기능을 통해 사전에 출제 경향을 점검하고 튜닝할 수 있도록 한다.","- 교육 문서ID 또는 교육ID
- 현재 유효한 생성 정책 정보(문항 수, 난이도 등)
- 퀴즈 샘플 요청 파라미터(샘플 문항 수 등)
- LLM 응답(샘플 문항 목록, 정답/해설 포함)",- LLM 호출 실패 시 “퀴즈 자동 생성에 실패했습니다” 안내 + 수동 등록 유도.
,,FS-ADMIN-QUIZ-STAT-11,퀴즈 응시 이탈 지표 카드/그래프,,퀴즈 통계,이탈 지표 시각화,"- 퀴즈 응시 로그에 저장된 이탈 정보(이탈 횟수, 총 이탈 시간)를 기반으로, 퀴즈별·부서별 이탈 지표를 카드/그래프 형태로 시각화한다.
- 요약 카드에서는 선택한 기간 동안의 평균 이탈 횟수, 평균 이탈 시간, 이탈 기준(예: 3회 이상) 초과 응시자 비율 등을 한눈에 보여준다.
- 상세 그래프에서는 퀴즈별/부서별로 막대그래프·라인차트 등으로 이탈 지표를 비교하고, 마우스 오버 시 해당 값(응시자 수, 평균 이탈 횟수/시간)을 툴팁으로 표시한다.
- 기간, 부서, 퀴즈ID 필터를 제공하여 특정 부서·특정 퀴즈의 응시 집중도 패턴을 분석할 수 있게 하고, 필요 시 CSV 등으로 내보낼 수 있도록 설계한다.","- 퀴즈 응시 로그 집계 데이터(퀴즈ID, 부서, 응시자 수, 이탈 횟수 합계/평균, 이탈 시간 합계/평균 등)
- 통계 조회 필터(기간, 부서, 퀴즈ID, 이탈 기준 값)
- 시각화 구성 옵션(차트 타입, 정렬 기준 등)","- 집계 기간 내 응시 데이터가 부족할 경우(예: 응시자 수가 매우 적은 경우), 해당 지표에 '표본 부족' 또는 회색 표시를 추가하여 오해를 줄인다.
- 통계 쿼리 실패 시 “이탈 지표를 불러오지 못했습니다. 잠시 후 다시 시도해 주세요.” 안내 문구와 함께 빈 차트를 표시하고, 오류는 서버 로그에 남긴다.
- 개인정보·부서 정보 등 민감 데이터는 사내 보안 정책에 따라 익명화·집계 수준으로만 제공하고, 개별 응시자의 이탈 상세 내역은 별도 권한 없이 직접 조회할 수 없도록 한다."
,,FS-ADMIN-QUIZ-STAT-12,문항 품질 관리 탭(난이도·변별도 기반),,퀴즈 품질 관리,문항 품질 분석,"- 퀴즈 응시 로그를 기반으로 문항별 난이도 지수(정답률)와 변별도(상·하위 그룹 정답률 차이)를 계산하고, 이를 한 화면에서 확인할 수 있는 문항 품질 관리 탭을 제공한다.
- 각 문항에 대해 정답률, 변별도, 응시자 수, 사용자 이상 표시(플래그) 횟수, 마지막 사용 시각 등을 표 형태로 보여주고, 기준값(예: 난이도 < 0.2 또는 > 0.95, 변별도 < 0.1)을 초과/미달하는 문항은 색상 또는 아이콘으로 강조한다.
- 관리자는 품질이 좋지 않은 문항(너무 쉬운/어려운 문항, 변별도 낮은 문항, 플래그가 많은 문항)을 필터링해 목록으로 확인하고, 각 행에서 해당 교육의 퀴즈 생성 정책/프롬프트 편집 화면으로 바로 이동할 수 있다.
- 이 탭은 개별 문항을 직접 수정·삭제하기보다, 생성 정책·프롬프트를 조정하여 전체 출제 경향을 개선하는 ‘튜닝 허브’ 역할을 한다.","- 집계된 문항 통계 데이터(문항ID 또는 패턴ID, 정답률, 변별도, 응시자 수, 플래그 횟수, 마지막 사용 시각 등)
- 필터/정렬 조건(교육ID, 부서, 기간, 정답률 범위, 변별도 범위, 플래그 여부 등)
- 퀴즈 생성 정책/프롬프트 편집 링크 정보","- 응시 데이터가 부족해 신뢰할 수 있는 통계를 계산할 수 없는 문항은 ‘표본 부족’ 상태로 표시하고, 품질 기준 판단에서 제외한다.
- 통계 집계 쿼리 실패 시 “문항 품질 지표를 불러오지 못했습니다. 잠시 후 다시 시도해 주세요.” 안내 문구와 함께 빈 목록을 표시하며, 오류 상세는 서버 로그에 남긴다.
- 개인정보·민감정보는 사내 보안 정책에 따라 익명화·집계 수준으로만 제공하며, 관리자는 별도 권한 없이 개별 응시자의 정답/오답 내역을 직접 식별할 수 없도록 한다."
관리자 챗봇 대시보드,,FS-ADMIN-CHAT-DASH-01,도메인별 질문량/추세 차트,,챗봇 통계,도메인 통계,"- 교육/보안/신고/일반 도메인별 질문량을 일/주/월 단위로 보여준다.
- 트렌드 변화를 시각화한다.","- 질문 로그 집계 데이터(도메인, 날짜, 카운트)",- 데이터 없으면 빈 차트 + “데이터 없음” 표시.
,,FS-ADMIN-CHAT-DASH-02,부서별 질문량/Out-of-scope 비율,,,부서별 OOS 비율,"- 부서별 질문량과 Out-of-scope 비율을 표/차트로 보여준다.
- 특정 부서에 대한 추가 교육/안내 필요성을 판단한다.","- 질문 로그(부서, 도메인, OOS 플래그)",- 개인정보 보호를 위해 최소 인원 이하의 소규모 부서는 그룹화하거나 익명 처리할 수 있다.
,,FS-ADMIN-CHAT-DASH-03,인기 질문 TOP N 리스트,,,인기 질문 리스트,"- 기간 내 가장 많이 나온 질문 텍스트를 TOP N개 보여준다.
- 각 질문을 클릭하면 해당 세션/예시 몇 개를 확인할 수 있다.",- 질문 텍스트 집계 데이터,- 유사 질문 통합 로직이 실패하면 정확한 텍스트 기준으로만 집계한다.
,,FS-ADMIN-CHAT-DASH-04,민감 키워드 질문 모니터링,,,민감 질문 모니터링,"- 보안사고, 비인가 정보요청 등 민감 키워드가 포함된 질문 수를 모니터링한다. 
- 특정 임계치 이상이면 경고 배너/알림을 띄울 수 있다.","- 질문 로그 텍스트
 - 민감 키워드 리스트","- 키워드 리스트가 비어 있으면 이 위젯은 비활성화.
 - 과도한 키워드 사용으로 노이즈가 많을 경우 키워드 튜닝이 필요하다는 안내 메모."
,,FS-ADMIN-CHAT-DASH-05,평균 응답 시간/성공률 모니터링,,,성능 지표,"- LLM 응답 시간 평균, 타임아웃 비율, 오류 비율을 그래프로 보여준다.
- 외부 API/내부 모델별로 나눠볼 수 있다.","- 응답 로그(시작/종료시간, 성공/실패 플래그, 모델 종류)",- 로그 부족 시 “측정 기간 내 데이터 부족” 메시지 표시.
,,FS-ADMIN-CHAT-DASH-06,질문당 컨텍스트 길이/토큰 사용량 통계,,,토큰 사용량,"- 질문당 컨텍스트 길이, 요청/응답 토큰 수 평균을 집계한다.
- 비용 최적화 포인트를 찾아내는 데 사용한다.",- LLM 호출 로그(토큰 수 정보),- 일부 모델에서 토큰 정보가 안 들어오면 해당 모델은 집계에서 제외.
,,FS-ADMIN-CHAT-DASH-07,채팅 평가 점수와 질문량 상관관계 분석,,,상관 분석,"- 질문량이 많은 부서/도메인과 피드백 점수의 상관관계를 시각화한다.
- 품질 개선 우선순위를 정하는 근거로 사용한다.","- 피드백 점수
 - 질문량 통계
 - 부서/도메인 정보",- 상관계수 계산에 필요한 데이터가 부족하면 “분석 불충분”으로 표시.
관리자 권한 대시보드,,FS-ADMIN-USER-01,사용자 역할/영상 제작 권한 설정,관리자,사용자 관리,사용자 상세,"1. 관리자가 역할 및 제작자 유형/범위를 선택 후 [저장] 버튼 클릭.
2. 서버는 입력값 유효성 검증:
 - 최소 하나의 기본 역할(EMPLOYEE 등)이 있어야 함.
 - VIDEO_CREATOR 체크 시 creator_type과 dept_scope 필수.
3. 정상인 경우:
 - user_role, creator_scope 테이블에 값 저장/갱신.
 - 이전 값과 변경 값을 role_audit_log에 기록.
4. 응답 성공 시 화면에 성공 메시지 표시.","- 사용자 기본 정보(읽기 전용): 이름, 사번, 소속 부서(dept_code)
- 역할 체크박스: EMPLOYEE, VIDEO_CREATOR, VIDEO_REVIEWER, REPORT_MANAGER, ADMIN
- 영상 제작자 유형 라디오 버튼:
  - 부서 한정 제작자(DEPT_CREATOR)
  - 전사 담당 제작자(GLOBAL_CREATOR)
- 제작 가능 부서 멀티 선택:
  - DEPT_CREATOR: 기본값으로 소속 부서 1개만 세팅, 필요 시 추가 부서 허용 여부는 정책에 따름
  - GLOBAL_CREATOR: 전체 부서 목록 및 “전사 공통(ALL)” 선택 가능
- 저장 버튼 / 취소 버튼","- 관리자 권한 없음: HTTP 403, “권한이 없습니다.”
- 소속 부서와 완전히 무관한 dept_scope 지정 시 정책에 따라 경고/차단 가능(예: 부서장 승인 필요 등)."
,,FS-VIDEO-CREATE-01,교육영상 기본정보 및 대상 부서 입력,,교육관리,교육영상 생성,"1. 페이지 진입 시 서버에서 현재 사용자 정보 조회:
 - role, creator_type(DEPT/GLOBAL), dept_scope.
2. 교육 유형 필드 구성:
 - DEPT_CREATOR → JOB만 선택 가능
 - GLOBAL_CREATOR → MANDATORY, JOB 모두 선택 가능
3. 교육 대상 부서 필드 구성:
 - DEPT_CREATOR → dept_scope 내 부서만 노출(기본은 소속 부서)
 - GLOBAL_CREATOR → 전체 부서 목록 + “전사 공통(ALL)”
4. 사용자가 필수 정보 입력 후 [다음] 또는 [저장] 클릭 시,
 - 입력값을 FS-VIDEO-CREATE-SEC-01로 전달.","- 교육 유형(training_type): 4대교육(MANDATORY) / 직무교육(JOB)
- 교육 제목, 설명, 필수/선택 여부
- 교육 대상 부서(target_dept_code)
- (기타 기존 필드: 문서 업로드, 태그, 예상 시청 시간 등)"," - 권한 없음(ROLE_VIDEO_CREATOR 아님) → 접근 차단/리다이렉트.
- 서버에서 내려준 allowedTrainingTypes/allowedDeptCodes 외 값은 UI에서 선택 불가."
,,,,,,,,,
,,,,,,,,,
마이페이지,,FS-MYPAGE-01,나의 교육 이수 현황 요약,직원,마이페이지,교육 요약,"- 사용자의 4대 교육 이수율(영상+퀴즈)/직무교육 이수율(영상)을 요약 카드 형태로 보여준다.
- 미이수 과목/교육은 강조 표시한다.","- 사용자ID
 - 교육 이수 테이블",- 데이터 조회 실패 시 “이수 현황을 불러오지 못했습니다” 안내.
,,FS-MYPAGE-02,교육별 이수 이력 타임라인,,,이수 타임라인,- 각 교육별로 언제 이수했는지 타임라인 형태로 정렬해서 보여준다.,"- 이수 이력 데이터(교육ID, 이수일자, 회차 등)",- 이력이 없으면 “아직 이수 내역이 없습니다” 안내.
,,FS-MYPAGE-03,나의 퀴즈 응시 내역/최고 점수 보기,,,퀴즈 이력,"- 응시한 퀴즈 목록, 점수, 통과 여부를 테이블로 보여준다.
- 교육별 최고 점수만 별도 강조한다.",- 퀴즈 응시 이력 데이터,- 기록이 없으면 “응시 이력이 없습니다” 메시지 표시.
,,FS-MYPAGE-04,오답노트 바로가기 링크,,,오답노트 링크,- 각 퀴즈 이력 옆에 “오답노트 보기” 링크를 제공해 해당 응시의 오답 화면으로 바로 이동할 수 있다.,- 응시ID,- 오답 데이터가 없으면 링크를 비활성화하고 안내 툴팁을 표시.
,,FS-MYPAGE-05,나에게 필요한 필수 교육/마감일 안내,,,필수 교육 안내,"- 아직 이수하지 않은 필수 교육과 마감 예정일을 리스트로 보여준다.
- 링크 클릭 시 해당 교육 상세/영상 재생 화면으로 이동한다.","- 필수 교육 설정
 - 사용자 이수 현황",- 마감일 정보가 없는 교육은 “상시 교육” 등으로 표시.
,,FS-MYPAGE-06,내 역할/권한 조회,,,역할/권한 정보,"- 현재 사용자에게 부여된 역할(직원/관리자/영상제작자 등)을 태그 형태로 보여준다.
- 각 역할로 사용 가능한 메뉴를 간단히 설명한다.",- 세션/토큰 내 역할 정보,"- 보안 상 세부 권한 정보는 요약 수준에서만 노출하고, 상세는 관리자만 조회 가능."
,,FS-MYPAGE-07,알림 설정(메일/푸시 on/off),,,알림 설정,"- 교육 마감 알림, 새 교육 생성 알림 등을 메일/푸시로 받을지 여부를 설정할 수 있다.
- 종류별로 on/off 스위치를 제공한다.",- 사용자 선택 설정(각 알림 타입별 플래그),- 회사 정책상 필수 알림(예: 법정교육 마감)은 off로 바꿀 수 없도록 제약.
,,FS-MYPAGE-08,개인정보/로그 보관 정책 안내,,,정책 안내,"- 채팅 로그/교육 이력/퀴즈 이력의 보관 기간과 활용 용도에 대한 안내를 제공한다.
- 개인정보 처리방침 링크를 함께 제공한다.",- 정책 텍스트(관리자 등록),- 정책 텍스트 로딩 실패 시 “정책 정보를 불러오지 못했습니다” 안내 및 별도 링크 제공(웹사이트 등).
,,FS-MYPAGE-09,내 신고 이력 요약(선택 기능),,,신고 이력 요약,"- 사용자가 본인 이름으로 제출한 신고의 상태 요약을 볼 수 있다.
- 각 신고의 진행상태(접수/조사중/종결)를 표시한다.","- 신고 테이블(신고자ID, 상태 등)","- 보안 정책상 직원에게 신고 이력 노출 불가라면, 이 기능은 비활성화 상태로 유지."
알림/공지,,FS-NOTI-01,교육 마감 임박 알림 생성,시스템,알림,교육 마감 알림,"- 필수 교육의 마감일을 기준으로 일정 일수 전(예: 7일/3일)에 알림을 생성한다.
- 대상자를 필터링해 알림 큐에 등록한다.","- 교육 마감일
 - 이수 여부 데이터","- 마감일이 없는 교육은 대상에서 제외.
 - 큐 등록 실패 시 재시도 후 실패 로그 기록."
,,FS-NOTI-02,새 교육/새 영상 업로드 알림,시스템,알림,새 교육 알림,- 새 4대 교육 영상 또는 부서 직무교육 영상이 업로드/승인되면 관련 부서 직원에게 알림을 발송한다.,"- 새 교육/영상 메타데이터
 - 대상 부서/직원 목록","- 대상자가 너무 많을 경우 배치/묶음 전송으로 나누어 발송, 실패 시 재시도."
,,FS-NOTI-03,알림 채널(메일/내부 알림 센터) 분기,,,채널 분배,"- 각 사용자의 알림 설정에 따라 메일 또는 서비스 내 알림 센터 또는 둘 다로 보낸다.
- 중복 발송을 막기 위한 처리 포함.","- 사용자 알림 설정
 - 알림 내용","- 채널별 전송 실패 시 다른 채널로만 보내거나, 실패 로그만 기록(정책에 따라)."
,,FS-NOTI-04,알림 센터 UI(읽음/안읽음 표시),공통,알림,알림 센터 UI,"- 상단 헤더에 알림 아이콘을 두고, 클릭 시 최근 알림 리스트를 드롭다운/패널로 보여준다.
- 읽음/안읽음 상태를 점 또는 강조로 표시한다.","- 사용자ID
 - 알림 테이블 데이터",- 알림 데이터 없으면 “새 알림이 없습니다” 표시.
,,FS-NOTI-05,알림 읽음 처리/전체 읽음,,,읽음 처리,"- 알림 항목 클릭 시 읽음 상태로 변경한다.
- “전체 읽음” 버튼을 제공해 한 번에 읽음 처리할 수 있다.","- 알림ID 리스트
 - 읽음 플래그","- 읽음 처리 중 오류 발생 시 UI에는 읽음 표시를 되돌리고, 오류 토스트를 보여준다."
,,FS-NOTI-06,알림 히스토리 페이지,,,알림 히스토리,"- 최근 N일 내 받은 알림 전체를 확인할 수 있는 히스토리 페이지를 제공한다.
- 교육/퀴즈/신고/시스템 알림 등 유형별 필터를 지원한다.","- 사용자ID
 - 기간/유형 필터","- 오래된 알림 보관 정책(예: 6개월 이후 자동 삭제)을 적용하고, 삭제된 알림은 히스토리에 표시하지 않는다."
,,FS-NOTI-07,관리자 공지 등록/상단 배너,관리자,공지,공지 등록,"- 관리자가 전체 직원에게 보여줄 공지를 등록할 수 있다.
- 중요한 공지는 상단 배너 형태로 노출할 수 있다.","- 공지 제목/내용
 - 우선순위/노출 기간",- 노출 기간이 지난 공지는 자동으로 숨김 처리.
시스템 모니터링,,FS-SYS-MON-01,LLM 호출 성공/실패율 모니터링,시스템,모니터링,LLM 성공률,- 모델별(L1/L2/외부 API) LLM 호출 성공/실패 횟수를 집계해 관리자용 화면에 제공한다.,"- LLM 호출 로그(성공/실패 플래그, 모델 종류)","- 데이터 없으면 0으로 반환.
 - 심각한 실패율 증가 시 별도 경고 알림 기능과 연동 가능."
,,FS-SYS-MON-02,RAG 파이프라인 단계별 실패율 모니터링,,,RAG 단계 실패율,"- 전처리/임베딩/검색/응답 생성 각 단계별 실패 건수를 집계한다.
- 어느 단계에서 문제가 많은지 한눈에 볼 수 있다.",- 단계별 에러 로그,"- 로그 포맷이 바뀌었을 경우 집계가 안 될 수 있으며, 이 경우 모니터링 대시보드에 경고 표시."
,,FS-SYS-MON-03,외부 API 사용량/비용 추정,,,비용 추정,"- 외부 LLM/임베딩 API 호출 횟수와 토큰 수를 기반으로 비용을 추정한다.
- 일/월 단위로 그래프를 제공한다.","- 호출 로그(토큰 수, 모델 단가 정보)",- 단가 정보가 없는 모델은 비용 계산에서 제외하고 “N/A” 표시.
,,FS-SYS-MON-04,내부 GPU/서버 리소스 사용량 모니터링,,,리소스 사용량,"- 내부 LLM/임베딩 서버의 CPU/GPU/메모리 사용량을 시간별로 표시한다.
- 임계치를 초과하면 경고 상태로 표시한다.",- 시스템 메트릭 수집 에이전트 데이터,"- 수집 실패 시 최근 수집 시점 정보만 보여주고, 실시간 값 대신 “데이터 없음” 표시."
,,FS-SYS-MON-05,에러 로그 요약/Top 에러 코드,,,에러 로그 요약,"- 에러 로그를 코드/메시지별로 집계해 상위 에러 유형을 보여준다.
- 클릭 시 예시 로그 몇 개를 확인할 수 있다.",- 에러 로그 데이터,- 로그 볼륨이 너무 큰 경우 최근 일정 기간/상위 N개만 표시.
,,FS-SYS-MON-06,장애 알림 설정(슬랙/메일 연동 등),,,장애 알림 설정,"- 특정 지표(LLM 실패율, RAG 실패율 등)가 임계치를 넘으면 외부 알림 채널(슬랙/메일 등)로 알려줄 수 있게 설정한다.","- 임계치 설정, 채널 설정","- 외부 연동 실패 시 내부 알림 로그만 남기고, 관리자 화면에 경고 아이콘 표시."
보안/로그 정책,,FS-SYS-SEC-LOG-01,채팅 로그 PII 마스킹 규칙 적용,,보안/로그,PII 마스킹,"- 로그 저장 시 이메일, 전화번호, 주민번호 등 PII 패턴을 자동 마스킹한다.
- 관리자 화면에서도 마스킹된 상태로만 볼 수 있다(정책에 따라).","- 원본 질문 텍스트
 - PII 정규식/모델 결과",- 마스킹 실패 가능성을 줄이기 위해 안전 측으로 과잉 마스킹하는 전략 사용 가능(정책).
,,FS-SYS-SEC-LOG-02,로그/이력 보관 기간 설정,,,보관 기간 설정,"- 질문/응답 로그, 퀴즈 이력, 신고 로그 등 각각의 보관 기간을 설정할 수 있다.
- 기간 초과 데이터는 자동 삭제 또는 비식별화한다.","- 보관 기간 설정 값(일/월 단위)
 - 데이터 생성일",- 필수 보관이 필요한 법정 데이터는 삭제 대신 비식별화/비공개처리로 전환.
,,FS-SYS-SEC-LOG-03,관리자 접근 로그/감사 기록,,,관리자 감사 로그,"- 어떤 관리자가 언제 어떤 화면에 접속하고 어떤 데이터를 조회/수정했는지 기록한다.
- 일정 기간 이후 별도 저장소로 이관할 수 있다.","- 관리자ID
 - 화면/행위 코드
 - 타임스탬프",- 감사 로그가 없으면 보안상 문제이므로 별도 경고 대시보드에서 표시.
도움말/가이드,,FS-HELP-01,서비스 사용 가이드 화면,공통,도움말,사용 가이드,"- 챗봇, 교육, 퀴즈, 신고, 영상 기능 전체를 요약한 사용법을 제공한다.
- 주요 기능별로 스크린샷/설명 포함 가능.",- 관리자 등록 가이드 콘텐츠,- 가이드 텍스트 로딩 실패 시 최소한의 텍스트(FAQ 링크 등)만 제공.
,,FS-HELP-02,롤별 화면 미리보기 데모,,,롤별 예시 화면,"- 직원/관리자/영상제작자/검토자 각각의 대표 화면 구성을 예시 이미지로 보여준다.
- 역할별로 어떤 기능이 있는지 한눈에 이해하도록 돕는다.",- 롤별 설명 텍스트/이미지,- 데모 이미지가 없으면 텍스트로만 구조 설명을 제공.
,,FS-HELP-03,자주 묻는 질문(서비스 사용법용),,,서비스 FAQ,"- 시스템 사용법 관련 고정 FAQ(로그인, 권한, 교육/퀴즈 이용 방법 등)를 별도 페이지로 제공한다.
- 챗봇 도메인 FAQ와는 별도 관리.",- 서비스 FAQ 데이터(질문/답변),- 데이터 없으면 “준비 중입니다” 안내.
롤/권한 관리(표시용),,FS-ROLE-VIEW-01,롤별 접근 가능 기능 목록 테이블,관리자,롤 관리(표시용),롤별 기능 매트릭스,- 롤(직원/관리자/영상제작자/검토자/신고담당자)별 접근 가능한 메뉴/페이지/대시보드를 표로 정리해 보여준다.,"- 롤 정의 테이블
 - 기능 목록","- 표시 전용이며 실제 권한은 Keycloak/그룹웨어 기반이므로, 불일치 시 관리자 경고 문구 표시."
,,FS-ROLE-VIEW-02,사용자별 롤 매핑 조회,,,사용자 롤 조회,- 특정 사용자의 롤 정보를 조회해 어떤 기능에 접근 가능한지 확인한다.,- 조회 대상 사용자ID,- 권한 없는 관리자가 조회 시 접근 차단 및 로그 기록.
,,FS-ROLE-VIEW-03,롤/권한 관련 정책 안내,,,정책 안내,"- 롤 부여/변경 절차, 최소 권한 원칙 등 정책을 텍스트로 설명하는 화면을 제공한다.
- 권한 요청 연락 창구 정보도 함께 안내.",- 정책 텍스트(관리자 등록),- 정책 텍스트가 없으면 “정책 문서가 준비 중입니다” 안내.
,,,,,,,"- 관리자는 자신 계정에 대해서는 역할(롤) 부여·변경·삭제 기능을 사용할 수 없으며, 역할 변경 요청 시 요청자 ID와 대상자 ID가 동일한 경우 해당 요청은 거부한다.",,
시스템(백엔드),,FS-LOG-PIPELINE-01,Raw 로그 → Masked 로그 변환 배치,로그 파이프라인,비식별,변환 배치,"서비스 운영용 Raw 로그(요청·응답·메타데이터)를 기반으로, AI 학습/FAQ/통계 분석에 활용할 수 있는 Masked 로그를 주기적으로 생성한다. 변환 시 주민번호, 전화번호, 이메일, 계좌번호, 신고자/피신고자 이름 등 PII 패턴을 정규식/룰로 검출하여 **** 또는 가명 토큰으로 치환한다. Masked 로그는 별도 스키마/테이블에 저장하며, AI/데이터팀 및 FAQ/통계 기능은 Masked 로그만 조회하도록 한다.","Raw 로그 레코드(질문 텍스트, 응답 텍스트, 사용자ID, 부서, 도메인, 타임스탬프 등), PII 정규식/룰셋","변환 배치 실패 시 기존 Masked 로그는 그대로 유지하고, 재시도 가능하도록 실패 내역을 에러 로그에 남긴다. PII 검출 실패로 인해 일부 민감 정보가 남을 수 있는 리스크를 줄이기 위해, 고위험 패턴(주민번호/계좌번호 등)은 별도 실시간 필터로도 한 번 더 차단한다."
,,FS-LOG-ROLE-01,역할별 로그 접근 제어,로그 접근 제어,역할,필터링,"직원/관리자/신고 담당자 등 역할에 따라 로그와 세션 데이터 접근 범위를 제어한다. 직원은 본인이 생성한 세션의 Raw 내용만 조회 가능하고, user_deleted 플래그가 true인 세션은 조회할 수 없다. 관리자는 통계·집계 결과와 제한된 범위의 샘플 로그만 조회 가능하며, 특정 개인의 전체 대화 이력을 상시로 열람하는 기능은 제공하지 않는다. 신고 담당자는 신고 테이블(신고자ID, 대상ID, 신고유형, 처리상태 등)만 조회하고, 연결된 채팅 전체 내용에는 직접 접근하지 못하도록 한다.","사용자 역할(role), 사용자ID, 부서, 접근 대상(세션/로그/통계/신고 테이블 등)","권한 검증 실패 시 “접근 권한이 없습니다.” 메시지를 반환하고, 접근 시도에 대한 감사 로그를 남긴다. 역할 매핑이 잘못 설정된 경우 관리자 화면에서 수정할 수 있도록 별도의 역할 관리 기능과 검증 로직을 둔다."